survived,pclass,sex,age,sibsp,parch,fare,embarked,class,who,adult_male,embark_town,alive,alone,fare_normalized,age_standardized
0,3,male,22.0,1,0,7.25,S,Third,man,True,Southampton,no,False,0.014151057562208049,-0.5510595194824087
1,1,female,38.0,1,0,71.2833,C,First,woman,False,Cherbourg,yes,False,0.13913573538264068,0.6119446643175359
1,3,female,26.0,0,0,7.925,S,Third,woman,False,Southampton,yes,True,0.015468569817999833,-0.26030847353242254
1,1,female,35.0,1,0,53.1,S,First,woman,False,Southampton,yes,False,0.10364429745562033,0.3938813798550463
0,3,male,35.0,0,0,8.05,S,Third,man,True,Southampton,no,True,0.015712553569072387,0.3938813798550463
0,3,male,28.0,0,0,8.4583,Q,Third,man,True,Queenstown,no,True,0.01650950209357577,-0.11493295055742946
0,1,male,54.0,0,0,51.8625,S,First,man,True,Southampton,no,True,0.10122885832000206,1.7749488481174804
0,3,male,2.0,3,1,21.075,S,Third,child,False,Southampton,no,False,0.04113566043083236,-2.0048147492323394
1,3,female,27.0,0,2,11.1333,S,Third,woman,False,Southampton,yes,False,0.021730754366528396,-0.18762071204492597
1,2,female,14.0,1,0,30.0708,C,Second,child,False,Cherbourg,yes,False,0.058694292654020104,-1.1325616113823809
1,3,female,4.0,1,1,16.7,S,Third,child,False,Southampton,yes,False,0.03259622914329302,-1.8594392262573463
1,1,female,58.0,0,0,26.55,S,First,woman,False,Southampton,yes,True,0.051822148727810165,2.0656998940674667
0,3,male,20.0,0,0,8.05,S,Third,man,True,Southampton,no,True,0.015712553569072387,-0.6964350424574017
0,3,male,39.0,1,5,31.275,S,Third,man,True,Southampton,no,False,0.06104473451835265,0.6846324258050325
0,3,female,14.0,0,0,7.8542,S,Third,child,False,Southampton,no,True,0.015330377421392339,-1.1325616113823809
1,2,female,55.0,0,0,16.0,S,Second,woman,False,Southampton,yes,True,0.03122992013728673,1.847636609604977
0,3,male,2.0,4,1,29.125,Q,Third,child,False,Queenstown,no,False,0.05684821399990475,-2.0048147492323394
1,2,male,28.0,0,0,13.0,S,Second,man,True,Southampton,yes,True,0.025374310111545468,-0.11493295055742946
0,3,female,31.0,1,0,18.0,S,Third,woman,False,Southampton,no,False,0.03513366015444757,0.10313033390506016
1,3,female,28.0,0,0,7.225,C,Third,woman,False,Cherbourg,yes,True,0.014102260811993537,-0.11493295055742946
0,2,male,35.0,0,0,26.0,S,Second,man,True,Southampton,no,True,0.050748620223090936,0.3938813798550463
1,2,male,34.0,0,0,13.0,S,Second,man,True,Southampton,yes,True,0.025374310111545468,0.3211936183675498
1,3,female,15.0,0,0,8.0292,Q,Third,child,False,Queenstown,yes,True,0.015671954672893913,-1.0598738498948845
1,1,male,28.0,0,0,35.5,S,First,man,True,Southampton,yes,True,0.06929138530460494,-0.11493295055742946
0,3,female,8.0,3,1,21.075,S,Third,child,False,Southampton,no,False,0.04113566043083236,-1.5686881803073602
1,3,female,38.0,1,5,31.3875,S,Third,woman,False,Southampton,yes,False,0.06126431989431795,0.6119446643175359
0,3,male,28.0,0,0,7.225,C,Third,man,True,Cherbourg,no,True,0.014102260811993537,-0.11493295055742946
0,1,male,19.0,3,2,263.0,S,First,man,True,Southampton,no,False,0.5133418122566507,-0.7691228039448983
1,3,female,28.0,0,0,7.8792,Q,Third,woman,False,Queenstown,yes,True,0.01537917417160685,-0.11493295055742946
0,3,male,28.0,0,0,7.8958,S,Third,man,True,Southampton,no,True,0.015411575213749286,-0.11493295055742946
0,1,male,40.0,0,0,27.7208,C,First,man,True,Cherbourg,no,True,0.05410739813385612,0.757320187292529
1,1,female,28.0,1,0,146.5208,C,First,woman,False,Cherbourg,yes,False,0.2859895551532101,-0.11493295055742946
1,3,female,28.0,0,0,7.75,Q,Third,woman,False,Queenstown,yes,True,0.015126992566498259,-0.11493295055742946
0,2,male,66.0,0,0,10.5,S,Second,man,True,Southampton,no,True,0.020494635090094415,2.647201985967439
0,1,male,28.0,1,0,82.1708,C,First,man,True,Cherbourg,no,False,0.16038672010106003,-0.11493295055742946
0,1,male,42.0,1,0,52.0,S,First,man,True,Southampton,no,False,0.10149724044618187,0.902695710267522
1,3,male,28.0,0,0,7.2292,C,Third,man,True,Cherbourg,yes,True,0.014110458666029575,-0.11493295055742946
0,3,male,21.0,0,0,8.05,S,Third,man,True,Southampton,no,True,0.015712553569072387,-0.6237472809699052
0,3,female,18.0,2,0,18.0,S,Third,woman,False,Southampton,no,False,0.03513366015444757,-0.8418105654323949
1,3,female,14.0,1,0,11.2417,C,Third,child,False,Cherbourg,yes,False,0.021942337075458514,-1.1325616113823809
0,3,female,40.0,1,0,9.475,S,Third,woman,False,Southampton,no,False,0.018493968331299484,0.757320187292529
0,2,female,27.0,1,0,21.0,S,Second,woman,False,Southampton,no,False,0.04098927018018883,-0.18762071204492597
0,3,male,28.0,0,0,7.8958,C,Third,man,True,Cherbourg,no,True,0.015411575213749286,-0.11493295055742946
1,2,female,3.0,1,2,41.5792,C,Second,child,False,Cherbourg,yes,False,0.08115719346076702,-1.9321269877448428
1,3,female,19.0,0,0,7.8792,Q,Third,woman,False,Queenstown,yes,True,0.01537917417160685,-0.7691228039448983
0,3,male,28.0,0,0,8.05,S,Third,man,True,Southampton,no,True,0.015712553569072387,-0.11493295055742946
0,3,male,28.0,1,0,15.5,Q,Third,man,True,Queenstown,no,False,0.030253985132996517,-0.11493295055742946
0,3,male,28.0,2,0,21.6792,C,Third,man,True,Cherbourg,no,False,0.04231498029001666,-0.11493295055742946
0,3,female,18.0,1,0,17.8,S,Third,woman,False,Southampton,no,False,0.034743286152731485,-0.8418105654323949
0,3,male,7.0,4,1,39.6875,S,Third,child,False,Southampton,no,False,0.07746484096553544,-1.6413759417948568
0,3,male,21.0,0,0,7.8,S,Third,man,True,Southampton,no,True,0.01522458606692728,-0.6237472809699052
1,1,female,49.0,1,0,76.7292,C,First,woman,False,Cherbourg,yes,False,0.1497654242623688,1.4115100406799979
1,2,female,29.0,1,0,26.0,S,Second,woman,False,Southampton,yes,False,0.050748620223090936,-0.042245189069932916
0,1,male,65.0,0,1,61.9792,C,First,man,True,Cherbourg,no,False,0.1209753416358076,2.574514224479943
1,2,female,21.0,0,0,10.5,S,Second,woman,False,Southampton,yes,True,0.020494635090094415,-0.6237472809699052
0,3,male,28.5,0,0,7.2292,C,Third,man,True,Cherbourg,no,True,0.014110458666029575,-0.07858906981368119
1,2,female,5.0,1,2,27.75,S,Second,child,False,Southampton,yes,False,0.05416439273810667,-1.7867514647698497
0,3,male,11.0,5,2,46.9,S,Third,child,False,Southampton,no,False,0.09154270340242172,-1.3506248958448706
0,3,male,22.0,0,0,7.2292,C,Third,man,True,Cherbourg,no,True,0.014110458666029575,-0.5510595194824087
1,1,female,38.0,0,0,80.0,S,First,woman,False,Southampton,yes,True,0.15614960068643363,0.6119446643175359
0,1,male,45.0,1,0,83.475,S,First,man,True,Southampton,no,False,0.16293234896625058,1.1207589947300116
0,3,male,4.0,3,2,27.9,S,Third,child,False,Southampton,no,False,0.05445717323939373,-1.8594392262573463
0,1,male,28.0,0,0,27.7208,C,First,man,True,Cherbourg,no,True,0.05410739813385612,-0.11493295055742946
1,3,male,28.0,1,1,15.2458,C,Third,man,True,Cherbourg,yes,False,0.029757819776815374,-0.11493295055742946
1,2,female,29.0,0,0,10.5,S,Second,woman,False,Southampton,yes,True,0.020494635090094415,-0.042245189069932916
0,3,male,19.0,0,0,8.1583,S,Third,man,True,Southampton,no,True,0.015923941091001644,-0.7691228039448983
1,3,female,17.0,4,2,7.925,S,Third,woman,False,Southampton,yes,False,0.015468569817999833,-0.9144983269198913
0,3,male,26.0,2,0,8.6625,S,Third,man,True,Southampton,no,False,0.016908073949327893,-0.26030847353242254
0,2,male,32.0,0,0,10.5,S,Second,man,True,Southampton,no,True,0.020494635090094415,0.1758180953925567
0,3,female,16.0,5,2,46.9,S,Third,woman,False,Southampton,no,False,0.09154270340242172,-0.9871860884073879
0,2,male,21.0,0,0,73.5,S,Second,man,True,Southampton,no,True,0.1434624456306609,-0.6237472809699052
0,3,male,26.0,1,0,14.4542,C,Third,man,True,Cherbourg,no,False,0.028212719478023115,-0.26030847353242254
1,3,male,32.0,0,0,56.4958,S,Third,man,True,Southampton,yes,True,0.11027245763075773,0.1758180953925567
0,3,male,25.0,0,0,7.65,S,Third,man,True,Southampton,no,True,0.014931805565640218,-0.33299623501991904
1,2,male,0.83,0,2,29.0,S,Second,child,False,Southampton,yes,False,0.056604230248832196,-2.0898594301727105
1,3,female,30.0,0,0,12.475,S,Third,woman,False,Southampton,yes,True,0.024349578357040744,0.03044257241756362
0,3,male,22.0,0,0,9.0,S,Third,man,True,Southampton,no,True,0.017566830077223785,-0.5510595194824087
1,3,male,29.0,0,0,9.5,S,Third,man,True,Southampton,yes,True,0.018542765081513996,-0.042245189069932916
1,3,female,28.0,0,0,7.7875,Q,Third,woman,False,Queenstown,yes,True,0.015200187691820024,-0.11493295055742946
0,1,male,28.0,0,0,47.1,S,First,man,True,Southampton,no,True,0.09193307740413781,-0.11493295055742946
1,2,female,17.0,0,0,10.5,S,Second,woman,False,Southampton,yes,True,0.020494635090094415,-0.9144983269198913
1,3,female,33.0,3,0,15.85,S,Third,woman,False,Southampton,yes,False,0.030937139635999665,0.24850585688005322
0,3,male,16.0,1,3,34.375,S,Third,man,True,Southampton,no,False,0.06709553154495196,-0.9871860884073879
1,1,female,23.0,3,2,263.0,S,First,woman,False,Southampton,yes,False,0.5133418122566507,-0.47837175799491216
0,3,male,24.0,0,0,8.05,S,Third,man,True,Southampton,no,True,0.015712553569072387,-0.4056839965074156
0,3,male,29.0,0,0,8.05,S,Third,man,True,Southampton,no,True,0.015712553569072387,-0.042245189069932916
0,3,male,20.0,0,0,7.8542,S,Third,man,True,Southampton,no,True,0.015330377421392339,-0.6964350424574017
0,1,male,46.0,1,0,61.175,S,First,man,True,Southampton,no,False,0.11940564777490723,1.1934467562175082
0,3,male,26.0,1,2,20.575,S,Third,man,True,Southampton,no,False,0.04015972542654215,-0.26030847353242254
0,3,male,59.0,0,0,7.25,S,Third,man,True,Southampton,no,True,0.014151057562208049,2.138387655554963
0,1,male,71.0,0,0,34.6542,C,First,man,True,Cherbourg,no,True,0.06764049365134761,3.0106407934049217
1,1,male,23.0,0,1,63.3583,C,First,man,True,Cherbourg,yes,False,0.12366716556464086,-0.47837175799491216
1,2,female,34.0,0,1,23.0,S,Second,woman,False,Southampton,yes,False,0.044893010197349675,0.3211936183675498
0,2,male,34.0,1,0,26.0,S,Second,man,True,Southampton,no,False,0.050748620223090936,0.3211936183675498
0,3,female,28.0,0,0,7.8958,S,Third,woman,False,Southampton,no,True,0.015411575213749286,-0.11493295055742946
0,1,male,21.0,0,1,77.2875,S,First,man,True,Southampton,no,False,0.15085515328815924,-0.6237472809699052
0,3,male,33.0,0,0,8.6542,S,Third,man,True,Southampton,no,True,0.016891873428256675,0.24850585688005322
0,3,male,37.0,2,0,7.925,S,Third,man,True,Southampton,no,False,0.015468569817999833,0.5392569028300394
1,3,female,21.0,0,0,7.65,S,Third,woman,False,Southampton,yes,True,0.014931805565640218,-0.6237472809699052
1,3,male,28.0,0,0,7.775,S,Third,man,True,Southampton,yes,True,0.015175789316712771,-0.11493295055742946
0,3,male,38.0,0,0,7.8958,S,Third,man,True,Southampton,no,True,0.015411575213749286,0.6119446643175359
1,3,female,28.0,1,0,24.15,Q,Third,woman,False,Queenstown,yes,False,0.04713766070721715,-0.11493295055742946
0,1,male,47.0,0,0,52.0,S,First,man,True,Southampton,no,True,0.10149724044618187,1.2661345177050047
0,3,female,14.5,1,0,14.4542,C,Third,child,False,Cherbourg,no,False,0.028212719478023115,-1.0962177306386327
0,3,male,22.0,0,0,8.05,S,Third,man,True,Southampton,no,True,0.015712553569072387,-0.5510595194824087
0,3,female,20.0,1,0,9.825,S,Third,woman,False,Southampton,no,False,0.019177122834302632,-0.6964350424574017
0,3,female,17.0,0,0,14.4583,C,Third,woman,False,Cherbourg,no,True,0.028220722145058292,-0.9144983269198913
0,3,male,21.0,0,0,7.925,S,Third,man,True,Southampton,no,True,0.015468569817999833,-0.6237472809699052
0,3,male,70.5,0,0,7.75,Q,Third,man,True,Queenstown,no,True,0.015126992566498259,2.9742969126611736
0,2,male,29.0,1,0,21.0,S,Second,man,True,Southampton,no,False,0.04098927018018883,-0.042245189069932916
0,1,male,24.0,0,1,247.5208,C,First,man,True,Cherbourg,no,False,0.4831284260198326,-0.4056839965074156
0,3,female,2.0,4,2,31.275,S,Third,child,False,Southampton,no,False,0.06104473451835265,-2.0048147492323394
0,2,male,21.0,2,0,73.5,S,Second,man,True,Southampton,no,False,0.1434624456306609,-0.6237472809699052
0,2,male,32.5,1,0,30.0708,C,Second,man,True,Cherbourg,no,False,0.058694292654020104,0.21216197613630497
1,2,female,32.5,0,0,13.0,S,Second,woman,False,Southampton,yes,True,0.025374310111545468,0.21216197613630497
0,1,male,54.0,0,1,77.2875,S,First,man,True,Southampton,no,False,0.15085515328815924,1.7749488481174804
1,3,male,12.0,1,0,11.2417,C,Third,child,False,Cherbourg,yes,False,0.021942337075458514,-1.277937134357374
0,3,male,28.0,0,0,7.75,Q,Third,man,True,Queenstown,no,True,0.015126992566498259,-0.11493295055742946
1,3,male,24.0,0,0,7.1417,S,Third,man,True,Southampton,yes,True,0.01393967004027879,-0.4056839965074156
1,3,female,28.0,1,1,22.3583,C,Third,woman,False,Cherbourg,yes,False,0.04364049521284362,-0.11493295055742946
0,3,male,45.0,0,0,6.975,S,Third,man,True,Southampton,no,True,0.013614293309848433,1.1207589947300116
0,3,male,33.0,0,0,7.8958,C,Third,man,True,Cherbourg,no,True,0.015411575213749286,0.24850585688005322
0,3,male,20.0,0,0,7.05,S,Third,man,True,Southampton,no,True,0.013760683560491965,-0.6964350424574017
0,3,female,47.0,1,0,14.5,S,Third,woman,False,Southampton,no,False,0.028302115124416098,1.2661345177050047
0,2,male,25.0,0,0,13.0,S,Second,man,True,Southampton,no,True,0.025374310111545468,-0.33299623501991904
0,2,male,23.0,0,0,15.0458,C,Second,man,True,Cherbourg,no,True,0.02936744577509929,-0.47837175799491216
1,1,female,19.0,0,2,26.2833,S,First,woman,False,Southampton,yes,False,0.051301584996521765,-0.7691228039448983
0,1,male,37.0,1,0,53.1,S,First,man,True,Southampton,no,False,0.10364429745562033,0.5392569028300394
0,3,male,16.0,0,0,9.2167,S,Third,man,True,Southampton,no,True,0.01798980030808316,-0.9871860884073879
0,1,male,24.0,0,0,79.2,C,First,man,True,Cherbourg,no,True,0.15458810467956932,-0.4056839965074156
0,3,female,28.0,0,2,15.2458,C,Third,woman,False,Cherbourg,no,False,0.029757819776815374,-0.11493295055742946
1,3,female,22.0,0,0,7.75,S,Third,woman,False,Southampton,yes,True,0.015126992566498259,-0.5510595194824087
1,3,female,24.0,1,0,15.85,S,Third,woman,False,Southampton,yes,False,0.030937139635999665,-0.4056839965074156
0,3,male,19.0,0,0,6.75,Q,Third,man,True,Queenstown,no,True,0.013175122557917838,-0.7691228039448983
0,2,male,18.0,0,0,11.5,S,Second,man,True,Southampton,no,True,0.022446505098674838,-0.8418105654323949
0,2,male,19.0,1,1,36.75,S,Second,man,True,Southampton,no,False,0.07173122281533045,-0.7691228039448983
1,3,male,27.0,0,0,7.7958,S,Third,man,True,Southampton,yes,True,0.015216388212891242,-0.18762071204492597
0,3,female,9.0,2,2,34.375,S,Third,child,False,Southampton,no,False,0.06709553154495196,-1.4960004188198637
0,2,male,36.5,0,2,26.0,S,Second,man,True,Southampton,no,False,0.050748620223090936,0.5029130220862911
0,2,male,42.0,0,0,13.0,S,Second,man,True,Southampton,no,True,0.025374310111545468,0.902695710267522
0,2,male,51.0,0,0,12.525,S,Second,man,True,Southampton,no,True,0.02444717185746977,1.556885563654991
1,1,female,22.0,1,0,66.6,S,First,woman,False,Southampton,yes,False,0.12999454257145598,-0.5510595194824087
0,3,male,55.5,0,0,8.05,S,Third,man,True,Southampton,no,True,0.015712553569072387,1.8839804903487254
0,3,male,40.5,0,2,14.5,S,Third,man,True,Southampton,no,False,0.028302115124416098,0.7936640680362772
0,3,male,28.0,0,0,7.3125,S,Third,man,True,Southampton,no,True,0.014273049437744325,-0.11493295055742946
0,1,male,51.0,0,1,61.3792,C,First,man,True,Cherbourg,no,False,0.11980421963065935,1.556885563654991
1,3,female,16.0,0,0,7.7333,Q,Third,woman,False,Queenstown,yes,True,0.015094396337354966,-0.9871860884073879
0,3,male,30.0,0,0,8.05,S,Third,man,True,Southampton,no,True,0.015712553569072387,0.03044257241756362
0,3,male,28.0,0,0,8.6625,S,Third,man,True,Southampton,no,True,0.016908073949327893,-0.11493295055742946
0,3,male,28.0,8,2,69.55,S,Third,man,True,Southampton,no,False,0.13575255909676825,-0.11493295055742946
0,3,male,44.0,0,1,16.1,S,Third,man,True,Southampton,no,False,0.031425107138144774,1.048071233242515
1,2,female,40.0,0,0,15.75,S,Second,woman,False,Southampton,yes,True,0.030741952635141623,0.757320187292529
0,3,male,26.0,0,0,7.775,S,Third,man,True,Southampton,no,True,0.015175789316712771,-0.26030847353242254
0,3,male,17.0,0,0,8.6625,S,Third,man,True,Southampton,no,True,0.016908073949327893,-0.9144983269198913
0,3,male,1.0,4,1,39.6875,S,Third,child,False,Southampton,no,False,0.07746484096553544,-2.0775025107198357
1,3,male,9.0,0,2,20.525,S,Third,child,False,Southampton,yes,False,0.04006213192611313,-1.4960004188198637
1,1,female,28.0,0,1,55.0,S,First,woman,False,Southampton,yes,False,0.10735285047192313,-0.11493295055742946
0,3,female,45.0,1,4,27.9,S,Third,woman,False,Southampton,no,False,0.05445717323939373,1.1207589947300116
0,1,male,28.0,0,0,25.925,S,First,man,True,Southampton,no,True,0.050602229972447406,-0.11493295055742946
0,3,male,28.0,0,0,56.4958,S,Third,man,True,Southampton,no,True,0.11027245763075773,-0.11493295055742946
0,1,male,61.0,0,0,33.5,S,First,man,True,Southampton,no,True,0.06538764528744409,2.283763178529956
0,3,male,4.0,4,1,29.125,Q,Third,child,False,Queenstown,no,False,0.05684821399990475,-1.8594392262573463
1,3,female,1.0,1,1,11.1333,S,Third,child,False,Southampton,yes,False,0.021730754366528396,-2.0775025107198357
0,1,male,56.0,0,0,30.6958,C,First,man,True,Cherbourg,no,True,0.05991421140938287,1.9203243710924736
0,3,male,18.0,1,1,7.8542,S,Third,man,True,Southampton,no,False,0.015330377421392339,-0.8418105654323949
0,3,male,28.0,3,1,25.4667,S,Third,man,True,Southampton,no,False,0.049707687947515,-0.11493295055742946
0,1,female,50.0,0,0,28.7125,C,First,woman,False,Cherbourg,no,True,0.05604306762136532,1.4841978021674944
0,2,male,30.0,0,0,13.0,S,Second,man,True,Southampton,no,True,0.025374310111545468,0.03044257241756362
0,3,male,36.0,0,0,0.0,S,Third,man,True,Southampton,no,True,0.0,0.46656914134254285
0,3,female,28.0,8,2,69.55,S,Third,woman,False,Southampton,no,False,0.13575255909676825,-0.11493295055742946
0,2,male,28.0,0,0,15.05,C,Second,man,True,Cherbourg,no,True,0.02937564362913533,-0.11493295055742946
0,3,male,9.0,4,2,31.3875,S,Third,child,False,Southampton,no,False,0.06126431989431795,-1.4960004188198637
1,2,male,1.0,2,1,39.0,S,Second,child,False,Southampton,yes,False,0.07612293033463641,-2.0775025107198357
1,3,female,4.0,0,2,22.025,S,Third,child,False,Southampton,yes,False,0.04298993693898376,-1.8594392262573463
0,1,male,28.0,0,0,50.0,S,First,man,True,Southampton,no,True,0.09759350042902103,-0.11493295055742946
1,3,female,28.0,1,0,15.5,Q,Third,woman,False,Queenstown,yes,False,0.030253985132996517,-0.11493295055742946
1,1,male,45.0,0,0,26.55,S,First,man,True,Southampton,yes,True,0.051822148727810165,1.1207589947300116
0,3,male,40.0,1,1,15.5,Q,Third,man,True,Queenstown,no,False,0.030253985132996517,0.757320187292529
0,3,male,36.0,0,0,7.8958,S,Third,man,True,Southampton,no,True,0.015411575213749286,0.46656914134254285
1,2,female,32.0,0,0,13.0,S,Second,woman,False,Southampton,yes,True,0.025374310111545468,0.1758180953925567
0,2,male,19.0,0,0,13.0,S,Second,man,True,Southampton,no,True,0.025374310111545468,-0.7691228039448983
1,3,female,19.0,1,0,7.8542,S,Third,woman,False,Southampton,yes,False,0.015330377421392339,-0.7691228039448983
1,2,male,3.0,1,1,26.0,S,Second,child,False,Southampton,yes,False,0.050748620223090936,-1.9321269877448428
1,1,female,44.0,0,0,27.7208,C,First,woman,False,Cherbourg,yes,True,0.05410739813385612,1.048071233242515
1,1,female,58.0,0,0,146.5208,C,First,woman,False,Cherbourg,yes,True,0.2859895551532101,2.0656998940674667
0,3,male,42.0,0,1,8.4042,S,Third,man,True,Southampton,no,False,0.01640390592611157,0.902695710267522
0,2,female,24.0,0,0,13.0,S,Second,woman,False,Southampton,no,True,0.025374310111545468,-0.4056839965074156
0,3,male,28.0,0,0,9.5,S,Third,man,True,Southampton,no,True,0.018542765081513996,-0.11493295055742946
0,3,male,34.0,0,0,6.4958,S,Third,man,True,Southampton,no,True,0.012678957201736696,0.3211936183675498
0,3,male,45.5,0,0,7.225,C,Third,man,True,Cherbourg,no,True,0.014102260811993537,1.15710287547376
1,3,male,18.0,0,0,8.05,S,Third,man,True,Southampton,yes,True,0.015712553569072387,-0.8418105654323949
0,3,female,2.0,0,1,10.4625,S,Third,child,False,Southampton,no,False,0.02042143996477265,-2.0048147492323394
0,3,male,32.0,1,0,15.85,S,Third,man,True,Southampton,no,False,0.030937139635999665,0.1758180953925567
1,3,male,26.0,0,0,18.7875,C,Third,man,True,Cherbourg,yes,True,0.036670757786204655,-0.26030847353242254
1,3,female,16.0,0,0,7.75,Q,Third,woman,False,Queenstown,yes,True,0.015126992566498259,-0.9871860884073879
1,1,male,40.0,0,0,31.0,C,First,man,True,Cherbourg,yes,True,0.060507970265993034,0.757320187292529
0,3,male,24.0,0,0,7.05,S,Third,man,True,Southampton,no,True,0.013760683560491965,-0.4056839965074156
1,2,female,35.0,0,0,21.0,S,Second,woman,False,Southampton,yes,True,0.04098927018018883,0.3938813798550463
0,3,male,22.0,0,0,7.25,S,Third,man,True,Southampton,no,True,0.014151057562208049,-0.5510595194824087
0,3,male,28.0,1,0,7.75,Q,Third,man,True,Queenstown,no,False,0.015126992566498259,-0.11493295055742946
1,1,female,31.0,1,0,113.275,C,First,woman,False,Cherbourg,yes,False,0.22109807522194713,0.10313033390506016
1,3,female,27.0,0,0,7.925,S,Third,woman,False,Southampton,yes,True,0.015468569817999833,-0.18762071204492597
0,2,male,42.0,1,0,27.0,S,Second,man,True,Southampton,no,False,0.05270049023167135,0.902695710267522
1,1,female,32.0,0,0,76.2917,C,First,woman,False,Cherbourg,yes,True,0.14891148113361488,0.1758180953925567
0,2,male,30.0,0,0,10.5,S,Second,man,True,Southampton,no,True,0.020494635090094415,0.03044257241756362
1,3,male,16.0,0,0,8.05,S,Third,man,True,Southampton,yes,True,0.015712553569072387,-0.9871860884073879
0,2,male,27.0,0,0,13.0,S,Second,man,True,Southampton,no,True,0.025374310111545468,-0.18762071204492597
0,3,male,51.0,0,0,8.05,S,Third,man,True,Southampton,no,True,0.015712553569072387,1.556885563654991
1,1,male,38.0,1,0,90.0,S,First,man,True,Southampton,yes,False,0.17566830077223786,0.6119446643175359
0,3,male,22.0,0,0,9.35,S,Third,man,True,Southampton,no,True,0.018249984580226933,-0.5510595194824087
1,2,male,19.0,0,0,10.5,S,Second,man,True,Southampton,yes,True,0.020494635090094415,-0.7691228039448983
0,3,male,20.5,0,0,7.25,S,Third,man,True,Southampton,no,True,0.014151057562208049,-0.6600911617136535
0,2,male,18.0,0,0,13.0,S,Second,man,True,Southampton,no,True,0.025374310111545468,-0.8418105654323949
0,3,female,28.0,3,1,25.4667,S,Third,woman,False,Southampton,no,False,0.049707687947515,-0.11493295055742946
1,1,female,35.0,1,0,83.475,S,First,woman,False,Southampton,yes,False,0.16293234896625058,0.3938813798550463
0,3,male,29.0,0,0,7.775,S,Third,man,True,Southampton,no,True,0.015175789316712771,-0.042245189069932916
0,2,male,59.0,0,0,13.5,S,Second,man,True,Southampton,no,True,0.026350245115835676,2.138387655554963
1,3,female,5.0,4,2,31.3875,S,Third,child,False,Southampton,yes,False,0.06126431989431795,-1.7867514647698497
0,2,male,24.0,0,0,10.5,S,Second,man,True,Southampton,no,True,0.020494635090094415,-0.4056839965074156
0,3,female,28.0,0,0,7.55,S,Third,woman,False,Southampton,no,True,0.014736618564782174,-0.11493295055742946
0,2,male,44.0,1,0,26.0,S,Second,man,True,Southampton,no,False,0.050748620223090936,1.048071233242515
1,2,female,8.0,0,2,26.25,S,Second,child,False,Southampton,yes,False,0.05123658772523604,-1.5686881803073602
0,2,male,19.0,0,0,10.5,S,Second,man,True,Southampton,no,True,0.020494635090094415,-0.7691228039448983
0,2,male,33.0,0,0,12.275,S,Second,man,True,Southampton,no,True,0.023959204355324663,0.24850585688005322
0,3,female,28.0,1,0,14.4542,C,Third,woman,False,Cherbourg,no,False,0.028212719478023115,-0.11493295055742946
0,2,male,29.0,0,0,10.5,S,Second,man,True,Southampton,no,True,0.020494635090094415,-0.042245189069932916
0,3,male,22.0,0,0,7.125,S,Third,man,True,Southampton,no,True,0.013907073811135496,-0.5510595194824087
0,3,male,30.0,0,0,7.225,C,Third,man,True,Cherbourg,no,True,0.014102260811993537,0.03044257241756362
0,1,male,44.0,2,0,90.0,Q,First,man,True,Queenstown,no,False,0.17566830077223786,1.048071233242515
0,3,female,25.0,0,0,7.775,S,Third,woman,False,Southampton,no,True,0.015175789316712771,-0.33299623501991904
1,2,female,24.0,0,2,14.5,S,Second,woman,False,Southampton,yes,False,0.028302115124416098,-0.4056839965074156
1,1,male,37.0,1,1,52.5542,S,First,man,True,Southampton,yes,False,0.10257896680493714,0.5392569028300394
0,2,male,54.0,1,0,26.0,S,Second,man,True,Southampton,no,False,0.050748620223090936,1.7749488481174804
0,3,male,28.0,0,0,7.25,S,Third,man,True,Southampton,no,True,0.014151057562208049,-0.11493295055742946
0,3,female,29.0,1,1,10.4625,S,Third,woman,False,Southampton,no,False,0.02042143996477265,-0.042245189069932916
0,1,male,62.0,0,0,26.55,S,First,man,True,Southampton,no,True,0.051822148727810165,2.356450940017453
0,3,male,30.0,1,0,16.1,S,Third,man,True,Southampton,no,False,0.031425107138144774,0.03044257241756362
0,3,female,41.0,0,2,20.2125,S,Third,woman,False,Southampton,no,False,0.039452172548431745,0.8300079487800255
1,3,female,29.0,0,2,15.2458,C,Third,woman,False,Cherbourg,yes,False,0.029757819776815374,-0.042245189069932916
1,1,female,28.0,0,0,79.2,C,First,woman,False,Cherbourg,yes,True,0.15458810467956932,-0.11493295055742946
1,1,female,30.0,0,0,86.5,S,First,woman,False,Southampton,yes,True,0.16883675574220638,0.03044257241756362
1,1,female,35.0,0,0,512.3292,C,First,woman,False,Cherbourg,yes,True,1.0,0.3938813798550463
1,2,female,50.0,0,1,26.0,S,Second,woman,False,Southampton,yes,False,0.050748620223090936,1.4841978021674944
1,3,male,3.0,4,2,31.3875,S,Third,child,False,Southampton,yes,False,0.06126431989431795,-1.9321269877448428
0,1,male,52.0,1,1,79.65,S,First,man,True,Southampton,no,False,0.1554664461834305,1.6295733251424873
0,1,male,40.0,0,0,0.0,S,First,man,True,Southampton,no,True,0.0,0.757320187292529
0,3,female,28.0,0,0,7.75,Q,Third,woman,False,Queenstown,no,True,0.015126992566498259,-0.11493295055742946
0,2,male,36.0,0,0,10.5,S,Second,man,True,Southampton,no,True,0.020494635090094415,0.46656914134254285
0,3,male,16.0,4,1,39.6875,S,Third,man,True,Southampton,no,False,0.07746484096553544,-0.9871860884073879
1,3,male,25.0,1,0,7.775,S,Third,man,True,Southampton,yes,False,0.015175789316712771,-0.33299623501991904
1,1,female,58.0,0,1,153.4625,S,First,woman,False,Southampton,yes,False,0.2995388511917728,2.0656998940674667
1,1,female,35.0,0,0,135.6333,S,First,woman,False,Southampton,yes,True,0.2647385704347907,0.3938813798550463
0,1,male,28.0,0,0,31.0,S,First,man,True,Southampton,no,True,0.060507970265993034,-0.11493295055742946
1,3,male,25.0,0,0,0.0,S,Third,man,True,Southampton,yes,True,0.0,-0.33299623501991904
1,2,female,41.0,0,1,19.5,S,Second,woman,False,Southampton,yes,False,0.038061465167318204,0.8300079487800255
0,1,male,37.0,0,1,29.7,C,First,man,True,Cherbourg,no,False,0.057970539254838485,0.5392569028300394
1,1,female,63.0,1,0,77.9583,S,First,woman,False,Southampton,yes,False,0.15216446768991498,2.4291387015049497
0,3,female,45.0,0,0,7.75,S,Third,woman,False,Southampton,no,True,0.015126992566498259,1.1207589947300116
0,2,male,28.0,0,0,0.0,S,Second,man,True,Southampton,no,True,0.0,-0.11493295055742946
0,3,male,7.0,4,1,29.125,Q,Third,child,False,Queenstown,no,False,0.05684821399990475,-1.6413759417948568
1,3,female,35.0,1,1,20.25,S,Third,woman,False,Southampton,yes,False,0.03952536767375352,0.3938813798550463
0,3,male,65.0,0,0,7.75,Q,Third,man,True,Queenstown,no,True,0.015126992566498259,2.574514224479943
0,3,male,28.0,0,0,7.8542,S,Third,man,True,Southampton,no,True,0.015330377421392339,-0.11493295055742946
0,3,male,16.0,0,0,9.5,S,Third,man,True,Southampton,no,True,0.018542765081513996,-0.9871860884073879
1,3,male,19.0,0,0,8.05,S,Third,man,True,Southampton,yes,True,0.015712553569072387,-0.7691228039448983
0,1,male,28.0,0,0,26.0,S,First,man,True,Southampton,no,True,0.050748620223090936,-0.11493295055742946
0,3,male,33.0,0,0,8.6625,C,Third,man,True,Cherbourg,no,True,0.016908073949327893,0.24850585688005322
1,3,male,30.0,0,0,9.5,S,Third,man,True,Southampton,yes,True,0.018542765081513996,0.03044257241756362
0,3,male,22.0,0,0,7.8958,S,Third,man,True,Southampton,no,True,0.015411575213749286,-0.5510595194824087
1,2,male,42.0,0,0,13.0,S,Second,man,True,Southampton,yes,True,0.025374310111545468,0.902695710267522
1,3,female,22.0,0,0,7.75,Q,Third,woman,False,Queenstown,yes,True,0.015126992566498259,-0.5510595194824087
1,1,female,26.0,0,0,78.85,S,First,woman,False,Southampton,yes,True,0.15390495017656614,-0.26030847353242254
1,1,female,19.0,1,0,91.0792,C,First,woman,False,Cherbourg,yes,False,0.17777475888549785,-0.7691228039448983
0,2,male,36.0,0,0,12.875,C,Second,man,True,Cherbourg,no,True,0.025130326360472913,0.46656914134254285
0,3,female,24.0,0,0,8.85,S,Third,woman,False,Southampton,no,True,0.01727404957593672,-0.4056839965074156
0,3,male,24.0,0,0,7.8958,S,Third,man,True,Southampton,no,True,0.015411575213749286,-0.4056839965074156
0,3,male,23.5,0,0,7.2292,C,Third,man,True,Cherbourg,no,True,0.014110458666029575,-0.4420278772511639
0,1,female,2.0,1,2,151.55,S,First,child,False,Southampton,no,False,0.29580589980036276,-2.0048147492323394
1,1,male,28.0,0,0,30.5,S,First,man,True,Southampton,yes,True,0.05953203526170282,-0.11493295055742946
1,1,female,50.0,0,1,247.5208,C,First,woman,False,Cherbourg,yes,False,0.4831284260198326,1.4841978021674944
1,3,male,28.0,2,0,23.25,Q,Third,man,True,Queenstown,yes,False,0.04538097769949478,-0.11493295055742946
0,3,male,19.0,0,0,0.0,S,Third,man,True,Southampton,no,True,0.0,-0.7691228039448983
1,2,female,28.0,0,0,12.35,Q,Second,woman,False,Queenstown,yes,True,0.024105594605968193,-0.11493295055742946
1,1,male,0.92,1,2,151.55,S,First,child,False,Southampton,yes,False,0.29580589980036276,-2.0833175316388357
1,1,female,28.0,0,0,110.8833,C,First,woman,False,Cherbourg,yes,True,0.21642978772242535,-0.11493295055742946
1,1,female,17.0,1,0,108.9,C,First,woman,False,Cherbourg,yes,False,0.2125586439344078,-0.9144983269198913
0,2,male,30.0,1,0,24.0,C,Second,man,True,Cherbourg,no,False,0.04684488020593009,0.03044257241756362
1,1,female,30.0,0,0,56.9292,C,First,woman,False,Cherbourg,yes,True,0.11111839809247648,0.03044257241756362
1,1,female,24.0,0,0,83.1583,C,First,woman,False,Cherbourg,yes,True,0.16231419173453318,-0.4056839965074156
1,1,female,18.0,2,2,262.375,C,First,woman,False,Cherbourg,yes,False,0.5121218935012878,-0.8418105654323949
0,2,female,26.0,1,1,26.0,S,Second,woman,False,Southampton,no,False,0.050748620223090936,-0.26030847353242254
0,2,male,43.0,1,1,26.25,S,Second,man,True,Southampton,no,False,0.05123658772523604,0.9753834717550186
1,3,female,26.0,0,0,7.8542,S,Third,woman,False,Southampton,yes,True,0.015330377421392339,-0.26030847353242254
1,2,female,24.0,1,0,26.0,S,Second,woman,False,Southampton,yes,False,0.050748620223090936,-0.4056839965074156
0,2,male,54.0,0,0,14.0,S,Second,man,True,Southampton,no,True,0.027326180120125887,1.7749488481174804
1,1,female,31.0,0,2,164.8667,S,First,woman,False,Southampton,yes,False,0.32179836714362564,0.10313033390506016
1,1,female,40.0,1,1,134.5,C,First,woman,False,Cherbourg,yes,False,0.2625265161540666,0.757320187292529
0,3,male,27.0,0,0,7.8958,S,Third,man,True,Southampton,no,True,0.015411575213749286,-0.18762071204492597
1,2,female,30.0,0,0,12.35,Q,Second,woman,False,Queenstown,yes,True,0.024105594605968193,0.03044257241756362
1,2,female,22.0,1,1,29.0,S,Second,woman,False,Southampton,yes,False,0.056604230248832196,-0.5510595194824087
1,1,female,36.0,0,0,135.6333,C,First,woman,False,Cherbourg,yes,True,0.2647385704347907,0.46656914134254285
0,3,male,61.0,0,0,6.2375,S,Third,man,True,Southampton,no,True,0.012174789178520372,2.283763178529956
1,2,female,36.0,0,0,13.0,S,Second,woman,False,Southampton,yes,True,0.025374310111545468,0.46656914134254285
1,3,female,31.0,1,1,20.525,S,Third,woman,False,Southampton,yes,False,0.04006213192611313,0.10313033390506016
1,1,female,16.0,0,1,57.9792,C,First,woman,False,Cherbourg,yes,False,0.11316786160148591,-0.9871860884073879
1,3,female,28.0,2,0,23.25,Q,Third,woman,False,Queenstown,yes,False,0.04538097769949478,-0.11493295055742946
0,1,male,45.5,0,0,28.5,S,First,man,True,Southampton,no,True,0.055628295244541985,1.15710287547376
0,1,male,38.0,0,1,153.4625,S,First,man,True,Southampton,no,False,0.2995388511917728,0.6119446643175359
0,3,male,16.0,2,0,18.0,S,Third,man,True,Southampton,no,False,0.03513366015444757,-0.9871860884073879
1,1,female,28.0,1,0,133.65,S,First,woman,False,Southampton,yes,False,0.2608674266467732,-0.11493295055742946
0,1,male,29.0,1,0,66.6,S,First,man,True,Southampton,no,False,0.12999454257145598,-0.042245189069932916
1,1,female,41.0,0,0,134.5,C,First,woman,False,Cherbourg,yes,True,0.2625265161540666,0.8300079487800255
1,3,male,45.0,0,0,8.05,S,Third,man,True,Southampton,yes,True,0.015712553569072387,1.1207589947300116
0,1,male,45.0,0,0,35.5,S,First,man,True,Southampton,no,True,0.06929138530460494,1.1207589947300116
1,2,male,2.0,1,1,26.0,S,Second,child,False,Southampton,yes,False,0.050748620223090936,-2.0048147492323394
1,1,female,24.0,3,2,263.0,S,First,woman,False,Southampton,yes,False,0.5133418122566507,-0.4056839965074156
0,2,male,28.0,0,0,13.0,S,Second,man,True,Southampton,no,True,0.025374310111545468,-0.11493295055742946
0,2,male,36.0,0,0,13.0,S,Second,man,True,Southampton,no,True,0.025374310111545468,0.46656914134254285
1,2,female,24.0,0,0,13.0,S,Second,woman,False,Southampton,yes,True,0.025374310111545468,-0.4056839965074156
1,2,female,40.0,0,0,13.0,S,Second,woman,False,Southampton,yes,True,0.025374310111545468,0.757320187292529
1,3,female,28.0,1,0,16.1,S,Third,woman,False,Southampton,yes,False,0.031425107138144774,-0.11493295055742946
1,3,male,3.0,1,1,15.9,S,Third,child,False,Southampton,yes,False,0.031034733136428686,-1.9321269877448428
0,3,male,42.0,0,0,8.6625,S,Third,man,True,Southampton,no,True,0.016908073949327893,0.902695710267522
0,3,male,23.0,0,0,9.225,S,Third,man,True,Southampton,no,True,0.01800600082915438,-0.47837175799491216
0,1,male,28.0,0,0,35.0,S,First,man,True,Southampton,no,True,0.06831545030031472,-0.11493295055742946
0,3,male,15.0,1,1,7.2292,C,Third,child,False,Cherbourg,no,False,0.014110458666029575,-1.0598738498948845
0,3,male,25.0,1,0,17.8,S,Third,man,True,Southampton,no,False,0.034743286152731485,-0.33299623501991904
1,1,female,22.0,0,1,55.0,S,First,woman,False,Southampton,yes,False,0.10735285047192313,-0.5510595194824087
0,2,female,38.0,0,0,13.0,S,Second,woman,False,Southampton,no,True,0.025374310111545468,0.6119446643175359
0,3,male,40.0,1,4,27.9,S,Third,man,True,Southampton,no,False,0.05445717323939373,0.757320187292529
0,2,male,29.0,1,0,27.7208,C,Second,man,True,Cherbourg,no,False,0.05410739813385612,-0.042245189069932916
0,3,female,45.0,0,1,14.4542,C,Third,woman,False,Cherbourg,no,False,0.028212719478023115,1.1207589947300116
0,3,male,35.0,0,0,7.05,S,Third,man,True,Southampton,no,True,0.013760683560491965,0.3938813798550463
0,3,male,30.0,0,0,7.25,S,Third,man,True,Southampton,no,True,0.014151057562208049,0.03044257241756362
1,1,female,60.0,1,0,75.25,C,First,woman,False,Cherbourg,yes,False,0.14687821814567664,2.21107541704246
1,3,female,28.0,0,0,7.2292,C,Third,woman,False,Cherbourg,yes,True,0.014110458666029575,-0.11493295055742946
1,1,female,24.0,0,0,69.3,C,First,woman,False,Cherbourg,yes,True,0.13526459159462315,-0.4056839965074156
1,1,male,25.0,1,0,55.4417,C,First,man,True,Cherbourg,yes,False,0.1082149914547131,-0.33299623501991904
0,3,male,18.0,1,0,6.4958,S,Third,man,True,Southampton,no,False,0.012678957201736696,-0.8418105654323949
0,3,male,19.0,0,0,8.05,S,Third,man,True,Southampton,no,True,0.015712553569072387,-0.7691228039448983
0,1,male,22.0,0,0,135.6333,C,First,man,True,Cherbourg,no,True,0.2647385704347907,-0.5510595194824087
0,3,female,3.0,3,1,21.075,S,Third,child,False,Southampton,no,False,0.04113566043083236,-1.9321269877448428
1,1,female,28.0,1,0,82.1708,C,First,woman,False,Cherbourg,yes,False,0.16038672010106003,-0.11493295055742946
1,3,female,22.0,0,0,7.25,S,Third,woman,False,Southampton,yes,True,0.014151057562208049,-0.5510595194824087
0,1,male,27.0,0,2,211.5,C,First,man,True,Cherbourg,no,False,0.41282050681475896,-0.18762071204492597
0,3,male,20.0,0,0,4.0125,C,Third,man,True,Cherbourg,no,True,0.007831878409428937,-0.6964350424574017
0,3,male,19.0,0,0,7.775,S,Third,man,True,Southampton,no,True,0.015175789316712771,-0.7691228039448983
1,1,female,42.0,0,0,227.525,C,First,woman,False,Cherbourg,yes,True,0.4440992237022602,0.902695710267522
1,3,female,1.0,0,2,15.7417,C,Third,child,False,Cherbourg,yes,False,0.030725752114070404,-2.0775025107198357
0,3,male,32.0,0,0,7.925,S,Third,man,True,Southampton,no,True,0.015468569817999833,0.1758180953925567
1,1,female,35.0,1,0,52.0,S,First,woman,False,Southampton,yes,False,0.10149724044618187,0.3938813798550463
0,2,male,18.0,0,0,73.5,S,Second,man,True,Southampton,no,True,0.1434624456306609,-0.8418105654323949
0,3,male,1.0,5,2,46.9,S,Third,child,False,Southampton,no,False,0.09154270340242172,-2.0775025107198357
0,3,male,28.0,0,0,7.7292,Q,Third,man,True,Queenstown,no,True,0.015086393670319786,-0.11493295055742946
1,2,female,17.0,0,0,12.0,C,Second,woman,False,Cherbourg,yes,True,0.023422440102965045,-0.9144983269198913
1,1,male,36.0,1,2,120.0,S,First,man,True,Southampton,yes,False,0.23422440102965048,0.46656914134254285
1,3,male,21.0,0,0,7.7958,S,Third,man,True,Southampton,yes,True,0.015216388212891242,-0.6237472809699052
0,3,male,28.0,2,0,7.925,S,Third,man,True,Southampton,no,False,0.015468569817999833,-0.11493295055742946
1,1,female,23.0,1,0,113.275,C,First,woman,False,Cherbourg,yes,False,0.22109807522194713,-0.47837175799491216
1,3,female,24.0,0,2,16.7,S,Third,woman,False,Southampton,yes,False,0.03259622914329302,-0.4056839965074156
0,3,male,22.0,0,0,7.7958,S,Third,man,True,Southampton,no,True,0.015216388212891242,-0.5510595194824087
0,3,female,31.0,0,0,7.8542,S,Third,woman,False,Southampton,no,True,0.015330377421392339,0.10313033390506016
0,2,male,46.0,0,0,26.0,S,Second,man,True,Southampton,no,True,0.050748620223090936,1.1934467562175082
0,2,male,23.0,0,0,10.5,S,Second,man,True,Southampton,no,True,0.020494635090094415,-0.47837175799491216
1,2,female,28.0,0,0,12.65,S,Second,woman,False,Southampton,yes,True,0.02469115560854232,-0.11493295055742946
1,3,male,39.0,0,0,7.925,S,Third,man,True,Southampton,yes,True,0.015468569817999833,0.6846324258050325
0,3,male,26.0,0,0,8.05,S,Third,man,True,Southampton,no,True,0.015712553569072387,-0.26030847353242254
0,3,female,21.0,1,0,9.825,S,Third,woman,False,Southampton,no,False,0.019177122834302632,-0.6237472809699052
0,3,male,28.0,1,0,15.85,S,Third,man,True,Southampton,no,False,0.030937139635999665,-0.11493295055742946
0,3,female,20.0,0,0,8.6625,S,Third,woman,False,Southampton,no,True,0.016908073949327893,-0.6964350424574017
0,2,male,34.0,1,0,21.0,S,Second,man,True,Southampton,no,False,0.04098927018018883,0.3211936183675498
0,3,male,51.0,0,0,7.75,S,Third,man,True,Southampton,no,True,0.015126992566498259,1.556885563654991
1,2,male,3.0,1,1,18.75,S,Second,child,False,Southampton,yes,False,0.03659756266088288,-1.9321269877448428
0,3,male,21.0,0,0,7.775,S,Third,man,True,Southampton,no,True,0.015175789316712771,-0.6237472809699052
0,3,male,28.0,0,0,6.8583,Q,Third,man,True,Queenstown,no,True,0.013386510079847098,-0.11493295055742946
1,1,female,33.0,1,0,90.0,Q,First,woman,False,Queenstown,yes,False,0.17566830077223786,0.24850585688005322
1,3,male,44.0,0,0,7.925,S,Third,man,True,Southampton,yes,True,0.015468569817999833,1.048071233242515
0,3,female,28.0,0,0,8.05,S,Third,woman,False,Southampton,no,True,0.015712553569072387,-0.11493295055742946
1,2,female,34.0,1,1,32.5,S,Second,woman,False,Southampton,yes,False,0.06343577527886367,0.3211936183675498
1,2,female,18.0,0,2,13.0,S,Second,woman,False,Southampton,yes,False,0.025374310111545468,-0.8418105654323949
0,3,female,10.0,0,2,24.15,S,Third,child,False,Southampton,no,False,0.04713766070721715,-1.4233126573323671
0,3,male,21.0,0,0,7.7333,Q,Third,man,True,Queenstown,no,True,0.015094396337354966,-0.6237472809699052
0,3,male,29.0,0,0,7.875,S,Third,man,True,Southampton,no,True,0.015370976317570811,-0.042245189069932916
0,3,female,28.0,1,1,14.4,S,Third,woman,False,Southampton,no,False,0.028106928123558056,-0.11493295055742946
0,3,male,18.0,1,1,20.2125,S,Third,man,True,Southampton,no,False,0.039452172548431745,-0.8418105654323949
1,2,female,28.0,1,0,26.0,S,Second,woman,False,Southampton,yes,False,0.050748620223090936,-0.11493295055742946
1,2,female,19.0,0,0,26.0,S,Second,woman,False,Southampton,yes,True,0.050748620223090936,-0.7691228039448983
1,3,male,32.0,0,0,8.05,S,Third,man,True,Southampton,yes,True,0.015712553569072387,0.1758180953925567
1,1,male,28.0,0,0,26.55,S,First,man,True,Southampton,yes,True,0.051822148727810165,-0.11493295055742946
1,2,female,42.0,1,0,26.0,S,Second,woman,False,Southampton,yes,False,0.050748620223090936,0.902695710267522
0,3,male,17.0,0,0,7.125,S,Third,man,True,Southampton,no,True,0.013907073811135496,-0.9144983269198913
0,1,male,50.0,1,0,55.9,S,First,man,True,Southampton,no,False,0.1091095334796455,1.4841978021674944
1,1,female,14.0,1,2,120.0,S,First,child,False,Southampton,yes,False,0.23422440102965048,-1.1325616113823809
0,3,female,21.0,2,2,34.375,S,Third,woman,False,Southampton,no,False,0.06709553154495196,-0.6237472809699052
1,2,female,24.0,2,3,18.75,S,Second,woman,False,Southampton,yes,False,0.03659756266088288,-0.4056839965074156
0,1,male,64.0,1,4,263.0,S,First,man,True,Southampton,no,False,0.5133418122566507,2.501826462992446
0,2,male,31.0,0,0,10.5,S,Second,man,True,Southampton,no,True,0.020494635090094415,0.10313033390506016
1,2,female,45.0,1,1,26.25,S,Second,woman,False,Southampton,yes,False,0.05123658772523604,1.1207589947300116
0,3,male,20.0,0,0,9.5,S,Third,man,True,Southampton,no,True,0.018542765081513996,-0.6964350424574017
0,3,male,25.0,1,0,7.775,S,Third,man,True,Southampton,no,False,0.015175789316712771,-0.33299623501991904
1,2,female,28.0,0,0,13.0,S,Second,woman,False,Southampton,yes,True,0.025374310111545468,-0.11493295055742946
1,3,male,28.0,0,0,8.1125,S,Third,man,True,Southampton,yes,True,0.015834545444608664,-0.11493295055742946
1,1,male,4.0,0,2,81.8583,S,First,child,False,Southampton,yes,False,0.15977676072337862,-1.8594392262573463
1,2,female,13.0,0,1,19.5,S,Second,child,False,Southampton,yes,False,0.038061465167318204,-1.2052493728698774
1,1,male,34.0,0,0,26.55,S,First,man,True,Southampton,yes,True,0.051822148727810165,0.3211936183675498
1,3,female,5.0,2,1,19.2583,C,Third,child,False,Cherbourg,yes,False,0.03758969818624431,-1.7867514647698497
1,1,male,52.0,0,0,30.5,S,First,man,True,Southampton,yes,True,0.05953203526170282,1.6295733251424873
0,2,male,36.0,1,2,27.75,S,Second,man,True,Southampton,no,False,0.05416439273810667,0.46656914134254285
0,3,male,28.0,1,0,19.9667,S,Third,man,True,Southampton,no,False,0.03897240290032268,-0.11493295055742946
0,1,male,30.0,0,0,27.75,C,First,man,True,Cherbourg,no,True,0.05416439273810667,0.03044257241756362
1,1,male,49.0,1,0,89.1042,C,First,man,True,Cherbourg,yes,False,0.17391981561855152,1.4115100406799979
1,3,male,29.0,0,0,7.8958,C,Third,man,True,Cherbourg,yes,True,0.015411575213749286,-0.042245189069932916
0,1,male,65.0,0,0,26.55,S,First,man,True,Southampton,no,True,0.051822148727810165,2.574514224479943
1,1,female,28.0,1,0,51.8625,S,First,woman,False,Southampton,yes,False,0.10122885832000206,-0.11493295055742946
1,2,female,50.0,0,0,10.5,S,Second,woman,False,Southampton,yes,True,0.020494635090094415,1.4841978021674944
1,1,male,48.0,0,0,26.55,S,First,man,True,Southampton,yes,True,0.051822148727810165,1.3388222791925013
0,3,male,34.0,0,0,8.05,S,Third,man,True,Southampton,no,True,0.015712553569072387,0.3211936183675498
0,1,male,47.0,0,0,38.5,S,First,man,True,Southampton,no,True,0.07514699533034619,1.2661345177050047
0,2,male,48.0,0,0,13.0,S,Second,man,True,Southampton,no,True,0.025374310111545468,1.3388222791925013
0,3,male,38.0,0,0,7.05,S,Third,man,True,Southampton,no,True,0.013760683560491965,0.6119446643175359
0,1,male,56.0,0,0,26.55,S,First,man,True,Southampton,no,True,0.051822148727810165,1.9203243710924736
0,3,male,28.0,0,0,7.725,Q,Third,man,True,Queenstown,no,True,0.015078195816283748,-0.11493295055742946
1,3,female,0.75,2,1,19.2583,C,Third,child,False,Cherbourg,yes,False,0.03758969818624431,-2.09567445109171
0,3,male,38.0,0,0,8.6625,S,Third,man,True,Southampton,no,True,0.016908073949327893,0.6119446643175359
1,2,female,33.0,1,2,27.75,S,Second,woman,False,Southampton,yes,False,0.05416439273810667,0.24850585688005322
1,2,female,23.0,0,0,13.7917,C,Second,woman,False,Cherbourg,yes,True,0.026919605597338588,-0.47837175799491216
0,3,female,22.0,0,0,9.8375,S,Third,woman,False,Southampton,no,True,0.019201521209409888,-0.5510595194824087
0,1,male,28.0,0,0,52.0,S,First,man,True,Southampton,no,True,0.10149724044618187,-0.11493295055742946
0,3,male,29.0,1,0,7.0458,S,Third,man,True,Southampton,no,False,0.013752485706455927,-0.042245189069932916
0,3,male,22.0,0,0,7.5208,S,Third,man,True,Southampton,no,True,0.014679623960531627,-0.5510595194824087
1,3,female,2.0,0,1,12.2875,S,Third,child,False,Southampton,yes,False,0.023983602730431916,-2.0048147492323394
0,3,male,9.0,5,2,46.9,S,Third,child,False,Southampton,no,False,0.09154270340242172,-1.4960004188198637
0,3,male,50.0,0,0,8.05,S,Third,man,True,Southampton,no,True,0.015712553569072387,1.4841978021674944
1,3,female,63.0,0,0,9.5875,S,Third,woman,False,Southampton,yes,True,0.018713553707264782,2.4291387015049497
1,1,male,25.0,1,0,91.0792,C,First,man,True,Cherbourg,yes,False,0.17777475888549785,-0.33299623501991904
1,1,female,35.0,1,0,90.0,S,First,woman,False,Southampton,yes,False,0.17566830077223786,0.3938813798550463
0,1,male,58.0,0,0,29.7,C,First,man,True,Cherbourg,no,True,0.057970539254838485,2.0656998940674667
1,3,male,9.0,1,1,15.9,S,Third,child,False,Southampton,yes,False,0.031034733136428686,-1.4960004188198637
0,3,male,21.0,0,0,7.25,S,Third,man,True,Southampton,no,True,0.014151057562208049,-0.6237472809699052
0,1,male,55.0,0,0,30.5,S,First,man,True,Southampton,no,True,0.05953203526170282,1.847636609604977
0,1,male,71.0,0,0,49.5042,C,First,man,True,Cherbourg,no,True,0.09662576327876685,3.0106407934049217
0,3,male,28.0,0,0,14.4583,C,Third,man,True,Cherbourg,no,True,0.028220722145058292,-0.11493295055742946
1,1,female,54.0,1,0,78.2667,C,First,woman,False,Cherbourg,yes,False,0.1527664244005612,1.7749488481174804
0,3,male,28.0,0,0,15.1,S,Third,man,True,Southampton,no,True,0.029473237129564348,-0.11493295055742946
0,1,female,25.0,1,2,151.55,S,First,woman,False,Southampton,no,False,0.29580589980036276,-0.33299623501991904
0,3,male,24.0,0,0,7.7958,S,Third,man,True,Southampton,no,True,0.015216388212891242,-0.4056839965074156
0,3,female,21.0,0,0,7.75,Q,Third,woman,False,Queenstown,no,True,0.015126992566498259,-0.6237472809699052
0,3,female,28.0,0,0,7.6292,Q,Third,woman,False,Queenstown,no,True,0.014891206669461744,-0.11493295055742946
0,3,female,37.0,0,0,9.5875,S,Third,woman,False,Southampton,no,True,0.018713553707264782,0.5392569028300394
1,1,female,16.0,0,0,86.5,S,First,woman,False,Southampton,yes,True,0.16883675574220638,-0.9871860884073879
0,1,male,18.0,1,0,108.9,C,First,man,True,Cherbourg,no,False,0.2125586439344078,-0.8418105654323949
1,2,female,33.0,0,2,26.0,S,Second,woman,False,Southampton,yes,False,0.050748620223090936,0.24850585688005322
0,3,male,28.0,0,0,22.525,S,Third,man,True,Southampton,no,True,0.04396587194327397,-0.11493295055742946
1,3,male,26.0,0,0,56.4958,S,Third,man,True,Southampton,yes,True,0.11027245763075773,-0.26030847353242254
1,3,male,29.0,0,0,7.75,Q,Third,man,True,Queenstown,yes,True,0.015126992566498259,-0.042245189069932916
1,1,male,36.0,0,0,26.2875,S,First,man,True,Southampton,yes,True,0.05130978285055781,0.46656914134254285
1,1,female,54.0,1,0,59.4,C,First,woman,False,Cherbourg,yes,False,0.11594107850967697,1.7749488481174804
0,3,male,24.0,0,0,7.4958,S,Third,man,True,Southampton,no,True,0.014630827210317117,-0.4056839965074156
0,1,male,47.0,0,0,34.0208,S,First,man,True,Southampton,no,True,0.06640417918791278,1.2661345177050047
1,2,female,34.0,0,0,10.5,S,Second,woman,False,Southampton,yes,True,0.020494635090094415,0.3211936183675498
0,3,male,28.0,0,0,24.15,Q,Third,man,True,Queenstown,no,True,0.04713766070721715,-0.11493295055742946
1,2,female,36.0,1,0,26.0,S,Second,woman,False,Southampton,yes,False,0.050748620223090936,0.46656914134254285
0,3,male,32.0,0,0,7.8958,S,Third,man,True,Southampton,no,True,0.015411575213749286,0.1758180953925567
1,1,female,30.0,0,0,93.5,S,First,woman,False,Southampton,yes,True,0.18249984580226933,0.03044257241756362
1,1,female,44.0,0,1,57.9792,C,First,woman,False,Cherbourg,yes,False,0.11316786160148591,1.048071233242515
0,3,male,28.0,0,0,7.2292,C,Third,man,True,Cherbourg,no,True,0.014110458666029575,-0.11493295055742946
0,3,male,40.5,0,0,7.75,Q,Third,man,True,Queenstown,no,True,0.015126992566498259,0.7936640680362772
0,1,male,28.0,0,0,221.7792,S,First,man,True,Southampton,no,True,0.4328841690069588,-0.11493295055742946
0,3,male,39.0,0,0,7.925,S,Third,man,True,Southampton,no,True,0.015468569817999833,0.6846324258050325
0,2,male,23.0,2,1,11.5,S,Second,man,True,Southampton,no,False,0.022446505098674838,-0.47837175799491216
1,2,female,2.0,1,1,26.0,S,Second,child,False,Southampton,yes,False,0.050748620223090936,-2.0048147492323394
0,3,male,17.0,1,1,7.2292,C,Third,man,True,Cherbourg,no,False,0.014110458666029575,-0.9144983269198913
1,3,female,28.0,0,2,22.3583,C,Third,woman,False,Cherbourg,yes,False,0.04364049521284362,-0.11493295055742946
0,3,female,30.0,0,0,8.6625,S,Third,woman,False,Southampton,no,True,0.016908073949327893,0.03044257241756362
1,2,female,7.0,0,2,26.25,S,Second,child,False,Southampton,yes,False,0.05123658772523604,-1.6413759417948568
0,1,male,45.0,0,0,26.55,S,First,man,True,Southampton,no,True,0.051822148727810165,1.1207589947300116
1,1,female,30.0,0,0,106.425,C,First,woman,False,Cherbourg,yes,True,0.20772776566317125,0.03044257241756362
0,3,male,28.0,0,0,14.5,S,Third,man,True,Southampton,no,True,0.028302115124416098,-0.11493295055742946
1,1,female,22.0,0,2,49.5,C,First,woman,False,Cherbourg,yes,False,0.09661756542473082,-0.5510595194824087
1,1,female,36.0,0,2,71.0,S,First,woman,False,Southampton,yes,False,0.13858277060920987,0.46656914134254285
0,3,female,9.0,4,2,31.275,S,Third,child,False,Southampton,no,False,0.06104473451835265,-1.4960004188198637
0,3,female,11.0,4,2,31.275,S,Third,child,False,Southampton,no,False,0.06104473451835265,-1.3506248958448706
1,2,male,32.0,1,0,26.0,S,Second,man,True,Southampton,yes,False,0.050748620223090936,0.1758180953925567
0,1,male,50.0,1,0,106.425,C,First,man,True,Cherbourg,no,False,0.20772776566317125,1.4841978021674944
0,1,male,64.0,0,0,26.0,S,First,man,True,Southampton,no,True,0.050748620223090936,2.501826462992446
1,2,female,19.0,1,0,26.0,S,Second,woman,False,Southampton,yes,False,0.050748620223090936,-0.7691228039448983
1,2,male,28.0,0,0,13.8625,C,Second,man,True,Cherbourg,yes,True,0.02705779799394608,-0.11493295055742946
0,3,male,33.0,1,1,20.525,S,Third,man,True,Southampton,no,False,0.04006213192611313,0.24850585688005322
1,2,male,8.0,1,1,36.75,S,Second,child,False,Southampton,yes,False,0.07173122281533045,-1.5686881803073602
1,1,male,17.0,0,2,110.8833,C,First,man,True,Cherbourg,yes,False,0.21642978772242535,-0.9144983269198913
0,2,male,27.0,0,0,26.0,S,Second,man,True,Southampton,no,True,0.050748620223090936,-0.18762071204492597
0,3,male,28.0,0,0,7.8292,Q,Third,man,True,Queenstown,no,True,0.015281580671177828,-0.11493295055742946
1,3,male,22.0,0,0,7.225,C,Third,man,True,Cherbourg,yes,True,0.014102260811993537,-0.5510595194824087
1,3,female,22.0,0,0,7.775,S,Third,woman,False,Southampton,yes,True,0.015175789316712771,-0.5510595194824087
1,1,female,48.0,1,0,39.6,C,First,woman,False,Cherbourg,yes,False,0.07729405233978466,1.3388222791925013
0,1,male,28.0,0,0,227.525,C,First,man,True,Cherbourg,no,True,0.4440992237022602,-0.11493295055742946
1,1,female,39.0,1,1,79.65,S,First,woman,False,Southampton,yes,False,0.1554664461834305,0.6846324258050325
1,3,female,36.0,1,0,17.4,S,Third,woman,False,Southampton,yes,False,0.033962538149299316,0.46656914134254285
0,3,male,40.0,0,0,7.8958,S,Third,man,True,Southampton,no,True,0.015411575213749286,0.757320187292529
0,2,male,28.0,0,0,13.5,S,Second,man,True,Southampton,no,True,0.026350245115835676,-0.11493295055742946
0,3,male,24.0,2,0,24.15,S,Third,man,True,Southampton,no,False,0.04713766070721715,-0.4056839965074156
0,3,male,19.0,0,0,7.8958,S,Third,man,True,Southampton,no,True,0.015411575213749286,-0.7691228039448983
0,3,female,29.0,0,4,21.075,S,Third,woman,False,Southampton,no,False,0.04113566043083236,-0.042245189069932916
1,3,male,32.0,0,0,7.8542,S,Third,man,True,Southampton,yes,True,0.015330377421392339,0.1758180953925567
1,2,male,62.0,0,0,10.5,S,Second,man,True,Southampton,yes,True,0.020494635090094415,2.356450940017453
1,1,female,53.0,2,0,51.4792,S,First,woman,False,Southampton,yes,False,0.10048070654571319,1.7022610866299839
1,1,male,36.0,0,0,26.3875,S,First,man,True,Southampton,yes,True,0.051504969851415845,0.46656914134254285
0,3,male,16.0,0,0,8.05,S,Third,man,True,Southampton,no,True,0.015712553569072387,-0.9871860884073879
0,3,male,19.0,0,0,14.5,S,Third,man,True,Southampton,no,True,0.028302115124416098,-0.7691228039448983
1,2,female,34.0,0,0,13.0,S,Second,woman,False,Southampton,yes,True,0.025374310111545468,0.3211936183675498
1,1,female,39.0,1,0,55.9,S,First,woman,False,Southampton,yes,False,0.1091095334796455,0.6846324258050325
0,3,female,28.0,1,0,14.4583,C,Third,woman,False,Cherbourg,no,False,0.028220722145058292,-0.11493295055742946
1,3,male,32.0,0,0,7.925,S,Third,man,True,Southampton,yes,True,0.015468569817999833,0.1758180953925567
1,2,female,25.0,1,1,30.0,S,Second,woman,False,Southampton,yes,False,0.05855610025741262,-0.33299623501991904
1,1,female,39.0,1,1,110.8833,C,First,woman,False,Cherbourg,yes,False,0.21642978772242535,0.6846324258050325
0,2,male,54.0,0,0,26.0,S,Second,man,True,Southampton,no,True,0.050748620223090936,1.7749488481174804
0,1,male,36.0,0,0,40.125,C,First,man,True,Cherbourg,no,True,0.07831878409428937,0.46656914134254285
0,3,male,28.0,0,0,8.7125,C,Third,man,True,Cherbourg,no,True,0.017005667449756914,-0.11493295055742946
1,1,female,18.0,0,2,79.65,S,First,woman,False,Southampton,yes,False,0.1554664461834305,-0.8418105654323949
0,2,male,47.0,0,0,15.0,S,Second,man,True,Southampton,no,True,0.02927805012870631,1.2661345177050047
1,1,male,60.0,1,1,79.2,C,First,man,True,Cherbourg,yes,False,0.15458810467956932,2.21107541704246
0,3,male,35.0,0,0,7.125,S,Third,man,True,Southampton,no,True,0.013907073811135496,0.3938813798550463
1,1,female,52.0,1,0,78.2667,C,First,woman,False,Cherbourg,yes,False,0.1527664244005612,1.6295733251424873
0,3,male,47.0,0,0,7.25,S,Third,man,True,Southampton,no,True,0.014151057562208049,1.2661345177050047
0,3,female,28.0,0,2,7.75,Q,Third,woman,False,Queenstown,no,False,0.015126992566498259,-0.11493295055742946
0,2,male,37.0,1,0,26.0,S,Second,man,True,Southampton,no,False,0.050748620223090936,0.5392569028300394
0,3,male,36.0,1,1,24.15,S,Third,man,True,Southampton,no,False,0.04713766070721715,0.46656914134254285
1,2,female,28.0,0,0,33.0,S,Second,woman,False,Southampton,yes,True,0.06441171028315387,-0.11493295055742946
0,3,male,49.0,0,0,0.0,S,Third,man,True,Southampton,no,True,0.0,1.4115100406799979
1,1,male,49.0,1,0,56.9292,C,First,man,True,Cherbourg,yes,False,0.11111839809247648,1.4115100406799979
1,2,female,24.0,2,1,27.0,S,Second,woman,False,Southampton,yes,False,0.05270049023167135,-0.4056839965074156
0,1,male,28.0,0,0,42.4,S,First,man,True,Southampton,no,True,0.08275928836380983,-0.11493295055742946
0,3,male,44.0,0,0,8.05,S,Third,man,True,Southampton,no,True,0.015712553569072387,1.048071233242515
1,1,male,35.0,0,0,26.55,C,First,man,True,Cherbourg,yes,True,0.051822148727810165,0.3938813798550463
0,3,male,36.0,1,0,15.55,S,Third,man,True,Southampton,no,False,0.030351578633425542,0.46656914134254285
0,3,male,30.0,0,0,7.8958,S,Third,man,True,Southampton,no,True,0.015411575213749286,0.03044257241756362
1,1,male,27.0,0,0,30.5,S,First,man,True,Southampton,yes,True,0.05953203526170282,-0.18762071204492597
1,2,female,22.0,1,2,41.5792,C,Second,woman,False,Cherbourg,yes,False,0.08115719346076702,-0.5510595194824087
1,1,female,40.0,0,0,153.4625,S,First,woman,False,Southampton,yes,True,0.2995388511917728,0.757320187292529
0,3,female,39.0,1,5,31.275,S,Third,woman,False,Southampton,no,False,0.06104473451835265,0.6846324258050325
0,3,male,28.0,0,0,7.05,S,Third,man,True,Southampton,no,True,0.013760683560491965,-0.11493295055742946
1,2,female,24.0,1,2,65.0,S,Second,woman,False,Southampton,yes,False,0.12687155055772734,-0.4056839965074156
0,3,male,34.0,1,1,14.4,S,Third,man,True,Southampton,no,False,0.028106928123558056,0.3211936183675498
0,3,female,26.0,1,0,16.1,S,Third,woman,False,Southampton,no,False,0.031425107138144774,-0.26030847353242254
1,2,female,4.0,2,1,39.0,S,Second,child,False,Southampton,yes,False,0.07612293033463641,-1.8594392262573463
0,2,male,26.0,0,0,10.5,S,Second,man,True,Southampton,no,True,0.020494635090094415,-0.26030847353242254
0,3,male,27.0,1,0,14.4542,C,Third,man,True,Cherbourg,no,False,0.028212719478023115,-0.18762071204492597
1,1,male,42.0,1,0,52.5542,S,First,man,True,Southampton,yes,False,0.10257896680493714,0.902695710267522
1,3,male,20.0,1,1,15.7417,C,Third,man,True,Cherbourg,yes,False,0.030725752114070404,-0.6964350424574017
0,3,male,21.0,0,0,7.8542,S,Third,man,True,Southampton,no,True,0.015330377421392339,-0.6237472809699052
0,3,male,21.0,0,0,16.1,S,Third,man,True,Southampton,no,True,0.031425107138144774,-0.6237472809699052
0,1,male,61.0,0,0,32.3208,S,First,man,True,Southampton,no,True,0.06308600017332605,2.283763178529956
0,2,male,57.0,0,0,12.35,Q,Second,man,True,Queenstown,no,True,0.024105594605968193,1.9930121325799701
1,1,female,21.0,0,0,77.9583,S,First,woman,False,Southampton,yes,True,0.15216446768991498,-0.6237472809699052
0,3,male,26.0,0,0,7.8958,S,Third,man,True,Southampton,no,True,0.015411575213749286,-0.26030847353242254
0,3,male,28.0,0,0,7.7333,Q,Third,man,True,Queenstown,no,True,0.015094396337354966,-0.11493295055742946
1,1,male,80.0,0,0,30.0,S,First,man,True,Southampton,yes,True,0.05855610025741262,3.6648306467923906
0,3,male,51.0,0,0,7.0542,S,Third,man,True,Southampton,no,True,0.013768881414528002,1.556885563654991
1,1,male,32.0,0,0,30.5,C,First,man,True,Cherbourg,yes,True,0.05953203526170282,0.1758180953925567
0,1,male,28.0,0,0,0.0,S,First,man,True,Southampton,no,True,0.0,-0.11493295055742946
0,3,female,9.0,3,2,27.9,S,Third,child,False,Southampton,no,False,0.05445717323939373,-1.4960004188198637
0,2,male,31.0,1,1,26.25,S,Second,man,True,Southampton,no,False,0.05123658772523604,0.10313033390506016
0,3,female,41.0,0,5,39.6875,S,Third,woman,False,Southampton,no,False,0.07746484096553544,0.8300079487800255
0,3,male,28.0,1,0,16.1,S,Third,man,True,Southampton,no,False,0.031425107138144774,-0.11493295055742946
0,3,female,2.0,3,2,27.9,S,Third,child,False,Southampton,no,False,0.05445717323939373,-2.0048147492323394
1,3,male,28.0,0,0,56.4958,S,Third,man,True,Southampton,yes,True,0.11027245763075773,-0.11493295055742946
1,1,male,48.0,1,0,76.7292,C,First,man,True,Cherbourg,yes,False,0.1497654242623688,1.3388222791925013
1,1,male,56.0,0,0,35.5,C,First,man,True,Cherbourg,yes,True,0.06929138530460494,1.9203243710924736
0,3,male,28.0,0,0,7.55,S,Third,man,True,Southampton,no,True,0.014736618564782174,-0.11493295055742946
1,3,female,23.0,0,0,7.55,S,Third,woman,False,Southampton,yes,True,0.014736618564782174,-0.47837175799491216
1,2,female,18.0,0,1,23.0,S,Second,woman,False,Southampton,yes,False,0.044893010197349675,-0.8418105654323949
0,3,male,21.0,0,0,8.4333,S,Third,man,True,Southampton,no,True,0.01646070534336126,-0.6237472809699052
1,3,female,28.0,0,0,7.8292,Q,Third,woman,False,Queenstown,yes,True,0.015281580671177828,-0.11493295055742946
0,3,female,18.0,0,0,6.75,Q,Third,woman,False,Queenstown,no,True,0.013175122557917838,-0.8418105654323949
0,2,male,24.0,2,0,73.5,S,Second,man,True,Southampton,no,False,0.1434624456306609,-0.4056839965074156
0,3,female,32.0,1,1,15.5,Q,Third,woman,False,Queenstown,no,False,0.030253985132996517,0.1758180953925567
0,2,male,23.0,0,0,13.0,S,Second,man,True,Southampton,no,True,0.025374310111545468,-0.47837175799491216
0,1,male,58.0,0,2,113.275,C,First,man,True,Cherbourg,no,False,0.22109807522194713,2.0656998940674667
1,1,male,50.0,2,0,133.65,S,First,man,True,Southampton,yes,False,0.2608674266467732,1.4841978021674944
0,3,male,40.0,0,0,7.225,C,Third,man,True,Cherbourg,no,True,0.014102260811993537,0.757320187292529
0,1,male,47.0,0,0,25.5875,S,First,man,True,Southampton,no,True,0.04994347384455151,1.2661345177050047
0,3,male,36.0,0,0,7.4958,S,Third,man,True,Southampton,no,True,0.014630827210317117,0.46656914134254285
1,3,male,20.0,1,0,7.925,S,Third,man,True,Southampton,yes,False,0.015468569817999833,-0.6964350424574017
0,2,male,32.0,2,0,73.5,S,Second,man,True,Southampton,no,False,0.1434624456306609,0.1758180953925567
0,3,male,28.0,0,0,7.775,S,Third,man,True,Southampton,no,True,0.015175789316712771,-0.11493295055742946
0,3,male,43.0,0,0,8.05,S,Third,man,True,Southampton,no,True,0.015712553569072387,0.9753834717550186
1,1,female,28.0,1,0,52.0,S,First,woman,False,Southampton,yes,False,0.10149724044618187,-0.11493295055742946
1,2,female,40.0,1,1,39.0,S,Second,woman,False,Southampton,yes,False,0.07612293033463641,0.757320187292529
0,1,male,31.0,1,0,52.0,S,First,man,True,Southampton,no,False,0.10149724044618187,0.10313033390506016
0,2,male,70.0,0,0,10.5,S,Second,man,True,Southampton,no,True,0.020494635090094415,2.9379530319174254
1,2,male,31.0,0,0,13.0,S,Second,man,True,Southampton,yes,True,0.025374310111545468,0.10313033390506016
0,3,male,18.0,0,0,7.775,S,Third,man,True,Southampton,no,True,0.015175789316712771,-0.8418105654323949
0,3,male,24.5,0,0,8.05,S,Third,man,True,Southampton,no,True,0.015712553569072387,-0.3693401157636673
1,3,female,18.0,0,0,9.8417,S,Third,woman,False,Southampton,yes,True,0.019209719063445922,-0.8418105654323949
0,3,female,43.0,1,6,46.9,S,Third,woman,False,Southampton,no,False,0.09154270340242172,0.9753834717550186
1,1,male,36.0,0,1,512.3292,C,First,man,True,Cherbourg,yes,False,1.0,0.46656914134254285
0,3,female,28.0,0,0,8.1375,Q,Third,woman,False,Queenstown,no,True,0.01588334219482317,-0.11493295055742946
1,1,male,27.0,0,0,76.7292,C,First,man,True,Cherbourg,yes,True,0.1497654242623688,-0.18762071204492597
0,3,male,20.0,0,0,9.225,S,Third,man,True,Southampton,no,True,0.01800600082915438,-0.6964350424574017
0,3,male,14.0,5,2,46.9,S,Third,child,False,Southampton,no,False,0.09154270340242172,-1.1325616113823809
0,2,male,60.0,1,1,39.0,S,Second,man,True,Southampton,no,False,0.07612293033463641,2.21107541704246
0,2,male,25.0,1,2,41.5792,C,Second,man,True,Cherbourg,no,False,0.08115719346076702,-0.33299623501991904
0,3,male,14.0,4,1,39.6875,S,Third,child,False,Southampton,no,False,0.07746484096553544,-1.1325616113823809
0,3,male,19.0,0,0,10.1708,S,Third,man,True,Southampton,no,True,0.019852079483269742,-0.7691228039448983
0,3,male,18.0,0,0,7.7958,S,Third,man,True,Southampton,no,True,0.015216388212891242,-0.8418105654323949
1,1,female,15.0,0,1,211.3375,S,First,child,False,Southampton,yes,False,0.41250332793836464,-1.0598738498948845
1,1,male,31.0,1,0,57.0,S,First,man,True,Southampton,yes,False,0.11125659048908397,0.10313033390506016
1,3,female,4.0,0,1,13.4167,C,Third,child,False,Cherbourg,yes,False,0.026187654344120927,-1.8594392262573463
0,3,male,25.0,0,0,7.225,C,Third,man,True,Cherbourg,no,True,0.014102260811993537,-0.33299623501991904
0,1,male,60.0,0,0,26.55,S,First,man,True,Southampton,no,True,0.051822148727810165,2.21107541704246
0,2,male,52.0,0,0,13.5,S,Second,man,True,Southampton,no,True,0.026350245115835676,1.6295733251424873
1,3,female,28.0,0,0,7.7333,Q,Third,woman,False,Queenstown,yes,True,0.015094396337354966,-0.11493295055742946
0,1,male,49.0,1,1,110.8833,C,First,man,True,Cherbourg,no,False,0.21642978772242535,1.4115100406799979
0,3,male,42.0,0,0,7.65,S,Third,man,True,Southampton,no,True,0.014931805565640218,0.902695710267522
1,1,female,18.0,1,0,227.525,C,First,woman,False,Cherbourg,yes,False,0.4440992237022602,-0.8418105654323949
1,1,male,35.0,0,0,26.2875,S,First,man,True,Southampton,yes,True,0.05130978285055781,0.3938813798550463
0,3,female,18.0,0,1,14.4542,C,Third,woman,False,Cherbourg,no,False,0.028212719478023115,-0.8418105654323949
0,3,male,25.0,0,0,7.7417,Q,Third,man,True,Queenstown,no,True,0.015110792045427042,-0.33299623501991904
0,3,male,26.0,1,0,7.8542,S,Third,man,True,Southampton,no,False,0.015330377421392339,-0.26030847353242254
0,2,male,39.0,0,0,26.0,S,Second,man,True,Southampton,no,True,0.050748620223090936,0.6846324258050325
1,2,female,45.0,0,0,13.5,S,Second,woman,False,Southampton,yes,True,0.026350245115835676,1.1207589947300116
1,1,male,42.0,0,0,26.2875,S,First,man,True,Southampton,yes,True,0.05130978285055781,0.902695710267522
1,1,female,22.0,0,0,151.55,S,First,woman,False,Southampton,yes,True,0.29580589980036276,-0.5510595194824087
1,1,female,24.0,0,0,49.5042,C,First,woman,False,Cherbourg,yes,True,0.09662576327876685,-0.4056839965074156
0,1,male,28.0,0,0,26.55,S,First,man,True,Southampton,no,True,0.051822148727810165,-0.11493295055742946
1,1,male,48.0,1,0,52.0,S,First,man,True,Southampton,yes,False,0.10149724044618187,1.3388222791925013
0,3,male,29.0,0,0,9.4833,S,Third,man,True,Southampton,no,True,0.018510168852370702,-0.042245189069932916
0,2,male,52.0,0,0,13.0,S,Second,man,True,Southampton,no,True,0.025374310111545468,1.6295733251424873
0,3,male,19.0,0,0,7.65,S,Third,man,True,Southampton,no,True,0.014931805565640218,-0.7691228039448983
1,1,female,38.0,0,0,227.525,C,First,woman,False,Cherbourg,yes,True,0.4440992237022602,0.6119446643175359
1,2,female,27.0,0,0,10.5,S,Second,woman,False,Southampton,yes,True,0.020494635090094415,-0.18762071204492597
0,3,male,28.0,0,0,15.5,Q,Third,man,True,Queenstown,no,True,0.030253985132996517,-0.11493295055742946
0,3,male,33.0,0,0,7.775,S,Third,man,True,Southampton,no,True,0.015175789316712771,0.24850585688005322
1,2,female,6.0,0,1,33.0,S,Second,child,False,Southampton,yes,False,0.06441171028315387,-1.7140637032823534
0,3,male,17.0,1,0,7.0542,S,Third,man,True,Southampton,no,False,0.013768881414528002,-0.9144983269198913
0,2,male,34.0,0,0,13.0,S,Second,man,True,Southampton,no,True,0.025374310111545468,0.3211936183675498
0,2,male,50.0,0,0,13.0,S,Second,man,True,Southampton,no,True,0.025374310111545468,1.4841978021674944
1,1,male,27.0,1,0,53.1,S,First,man,True,Southampton,yes,False,0.10364429745562033,-0.18762071204492597
0,3,male,20.0,0,0,8.6625,S,Third,man,True,Southampton,no,True,0.016908073949327893,-0.6964350424574017
1,2,female,30.0,3,0,21.0,S,Second,woman,False,Southampton,yes,False,0.04098927018018883,0.03044257241756362
1,3,female,28.0,0,0,7.7375,Q,Third,woman,False,Queenstown,yes,True,0.015102594191391004,-0.11493295055742946
0,2,male,25.0,1,0,26.0,S,Second,man,True,Southampton,no,False,0.050748620223090936,-0.33299623501991904
0,3,female,25.0,1,0,7.925,S,Third,woman,False,Southampton,no,False,0.015468569817999833,-0.33299623501991904
1,1,female,29.0,0,0,211.3375,S,First,woman,False,Southampton,yes,True,0.41250332793836464,-0.042245189069932916
0,3,male,11.0,0,0,18.7875,C,Third,child,False,Cherbourg,no,True,0.036670757786204655,-1.3506248958448706
0,3,male,28.5,0,0,16.1,S,Third,man,True,Southampton,no,True,0.031425107138144774,-0.07858906981368119
0,3,female,48.0,1,3,34.375,S,Third,woman,False,Southampton,no,False,0.06709553154495196,1.3388222791925013
1,1,male,35.0,0,0,512.3292,C,First,man,True,Cherbourg,yes,True,1.0,0.3938813798550463
1,1,male,28.0,0,0,30.0,S,First,man,True,Southampton,yes,True,0.05855610025741262,-0.11493295055742946
0,1,male,36.0,1,0,78.85,S,First,man,True,Southampton,no,False,0.15390495017656614,0.46656914134254285
1,1,female,21.0,2,2,262.375,C,First,woman,False,Cherbourg,yes,False,0.5121218935012878,-0.6237472809699052
0,3,male,24.0,1,0,16.1,S,Third,man,True,Southampton,no,False,0.031425107138144774,-0.4056839965074156
1,3,male,31.0,0,0,7.925,S,Third,man,True,Southampton,yes,True,0.015468569817999833,0.10313033390506016
0,1,male,70.0,1,1,71.0,S,First,man,True,Southampton,no,False,0.13858277060920987,2.9379530319174254
0,3,male,16.0,1,1,20.25,S,Third,man,True,Southampton,no,False,0.03952536767375352,-0.9871860884073879
1,2,female,30.0,0,0,13.0,S,Second,woman,False,Southampton,yes,True,0.025374310111545468,0.03044257241756362
0,1,male,19.0,1,0,53.1,S,First,man,True,Southampton,no,False,0.10364429745562033,-0.7691228039448983
0,3,male,31.0,0,0,7.75,Q,Third,man,True,Queenstown,no,True,0.015126992566498259,0.10313033390506016
1,2,female,4.0,1,1,23.0,S,Second,child,False,Southampton,yes,False,0.044893010197349675,-1.8594392262573463
1,3,male,6.0,0,1,12.475,S,Third,child,False,Southampton,yes,False,0.024349578357040744,-1.7140637032823534
0,3,male,33.0,0,0,9.5,S,Third,man,True,Southampton,no,True,0.018542765081513996,0.24850585688005322
0,3,male,23.0,0,0,7.8958,S,Third,man,True,Southampton,no,True,0.015411575213749286,-0.47837175799491216
1,2,female,48.0,1,2,65.0,S,Second,woman,False,Southampton,yes,False,0.12687155055772734,1.3388222791925013
1,2,male,0.67,1,1,14.5,S,Second,child,False,Southampton,yes,False,0.028302115124416098,-2.1014894720107096
0,3,male,28.0,0,0,7.7958,S,Third,man,True,Southampton,no,True,0.015216388212891242,-0.11493295055742946
1,1,female,33.0,0,0,86.5,S,First,woman,False,Southampton,yes,True,0.16883675574220638,0.24850585688005322
0,3,male,41.0,0,0,7.125,S,Third,man,True,Southampton,no,True,0.013907073811135496,0.8300079487800255
1,3,male,20.0,0,0,7.2292,C,Third,man,True,Cherbourg,yes,True,0.014110458666029575,-0.6964350424574017
1,1,female,36.0,1,2,120.0,S,First,woman,False,Southampton,yes,False,0.23422440102965048,0.46656914134254285
0,3,male,16.0,0,0,7.775,S,Third,man,True,Southampton,no,True,0.015175789316712771,-0.9871860884073879
1,1,female,51.0,1,0,77.9583,S,First,woman,False,Southampton,yes,False,0.15216446768991498,1.556885563654991
0,1,male,28.0,0,0,39.6,C,First,man,True,Cherbourg,no,True,0.07729405233978466,-0.11493295055742946
0,3,female,30.5,0,0,7.75,Q,Third,woman,False,Queenstown,no,True,0.015126992566498259,0.06678645316131189
0,3,male,28.0,1,0,24.15,Q,Third,man,True,Queenstown,no,False,0.04713766070721715,-0.11493295055742946
0,3,male,32.0,0,0,8.3625,S,Third,man,True,Southampton,no,True,0.016322512946753766,0.1758180953925567
0,3,male,24.0,0,0,9.5,S,Third,man,True,Southampton,no,True,0.018542765081513996,-0.4056839965074156
0,3,male,48.0,0,0,7.8542,S,Third,man,True,Southampton,no,True,0.015330377421392339,1.3388222791925013
0,2,female,57.0,0,0,10.5,S,Second,woman,False,Southampton,no,True,0.020494635090094415,1.9930121325799701
1,2,female,54.0,1,3,23.0,S,Second,woman,False,Southampton,yes,False,0.044893010197349675,1.7749488481174804
0,3,male,18.0,0,0,7.75,S,Third,man,True,Southampton,no,True,0.015126992566498259,-0.8418105654323949
1,3,female,5.0,0,0,12.475,S,Third,child,False,Southampton,yes,True,0.024349578357040744,-1.7867514647698497
0,3,male,28.0,0,0,7.7375,Q,Third,man,True,Queenstown,no,True,0.015102594191391004,-0.11493295055742946
1,1,female,43.0,0,1,211.3375,S,First,woman,False,Southampton,yes,False,0.41250332793836464,0.9753834717550186
1,3,female,13.0,0,0,7.2292,C,Third,child,False,Cherbourg,yes,True,0.014110458666029575,-1.2052493728698774
1,1,female,17.0,1,0,57.0,S,First,woman,False,Southampton,yes,False,0.11125659048908397,-0.9144983269198913
0,1,male,29.0,0,0,30.0,S,First,man,True,Southampton,no,True,0.05855610025741262,-0.042245189069932916
0,3,male,28.0,1,2,23.45,S,Third,man,True,Southampton,no,False,0.04577135170121086,-0.11493295055742946
0,3,male,25.0,0,0,7.05,S,Third,man,True,Southampton,no,True,0.013760683560491965,-0.33299623501991904
0,3,male,25.0,0,0,7.25,S,Third,man,True,Southampton,no,True,0.014151057562208049,-0.33299623501991904
1,3,female,18.0,0,0,7.4958,S,Third,woman,False,Southampton,yes,True,0.014630827210317117,-0.8418105654323949
0,3,male,8.0,4,1,29.125,Q,Third,child,False,Queenstown,no,False,0.05684821399990475,-1.5686881803073602
1,3,male,1.0,1,2,20.575,S,Third,child,False,Southampton,yes,False,0.04015972542654215,-2.0775025107198357
0,1,male,46.0,0,0,79.2,C,First,man,True,Cherbourg,no,True,0.15458810467956932,1.1934467562175082
0,2,male,16.0,0,0,26.0,S,Second,man,True,Southampton,no,True,0.050748620223090936,-0.9871860884073879
0,1,male,28.0,0,0,30.6958,C,First,man,True,Cherbourg,no,True,0.05991421140938287,-0.11493295055742946
0,3,male,25.0,0,0,7.8958,S,Third,man,True,Southampton,no,True,0.015411575213749286,-0.33299623501991904
0,2,male,39.0,0,0,13.0,S,Second,man,True,Southampton,no,True,0.025374310111545468,0.6846324258050325
1,1,female,49.0,0,0,25.9292,S,First,woman,False,Southampton,yes,True,0.050610427826483444,1.4115100406799979
1,3,female,31.0,0,0,8.6833,S,Third,woman,False,Southampton,yes,True,0.016948672845506364,0.10313033390506016
0,3,male,30.0,0,0,7.2292,C,Third,man,True,Cherbourg,no,True,0.014110458666029575,0.03044257241756362
0,3,female,30.0,1,1,24.15,S,Third,woman,False,Southampton,no,False,0.04713766070721715,0.03044257241756362
1,2,female,31.0,1,1,26.25,S,Second,woman,False,Southampton,yes,False,0.05123658772523604,0.10313033390506016
1,1,male,11.0,1,2,120.0,S,First,child,False,Southampton,yes,False,0.23422440102965048,-1.3506248958448706
1,3,male,0.42,0,1,8.5167,C,Third,child,False,Cherbourg,yes,False,0.016623491302076868,-2.119661412382584
1,3,male,27.0,0,0,6.975,S,Third,man,True,Southampton,yes,True,0.013614293309848433,-0.18762071204492597
0,3,male,31.0,0,0,7.775,S,Third,man,True,Southampton,no,True,0.015175789316712771,0.10313033390506016
0,1,male,39.0,0,0,0.0,S,First,man,True,Southampton,no,True,0.0,0.6846324258050325
0,3,female,18.0,0,0,7.775,S,Third,woman,False,Southampton,no,True,0.015175789316712771,-0.8418105654323949
1,1,female,33.0,1,0,53.1,S,First,woman,False,Southampton,yes,False,0.10364429745562033,0.24850585688005322
0,3,male,26.0,0,0,7.8875,S,Third,man,True,Southampton,no,True,0.015395374692678068,-0.26030847353242254
0,3,male,39.0,0,0,24.15,S,Third,man,True,Southampton,no,True,0.04713766070721715,0.6846324258050325
0,2,male,35.0,0,0,10.5,S,Second,man,True,Southampton,no,True,0.020494635090094415,0.3938813798550463
0,3,female,6.0,4,2,31.275,S,Third,child,False,Southampton,no,False,0.06104473451835265,-1.7140637032823534
0,3,male,30.5,0,0,8.05,S,Third,man,True,Southampton,no,True,0.015712553569072387,0.06678645316131189
0,3,female,23.0,0,0,7.925,S,Third,woman,False,Southampton,no,True,0.015468569817999833,-0.47837175799491216
0,2,male,31.0,1,1,37.0042,C,Second,man,True,Cherbourg,no,False,0.07222738817151159,0.10313033390506016
0,3,male,43.0,0,0,6.45,S,Third,man,True,Southampton,no,True,0.012589561555343713,0.9753834717550186
0,3,male,10.0,3,2,27.9,S,Third,child,False,Southampton,no,False,0.05445717323939373,-1.4233126573323671
1,1,female,52.0,1,1,93.5,S,First,woman,False,Southampton,yes,False,0.18249984580226933,1.6295733251424873
1,3,male,27.0,0,0,8.6625,S,Third,man,True,Southampton,yes,True,0.016908073949327893,-0.18762071204492597
0,1,male,38.0,0,0,0.0,S,First,man,True,Southampton,no,True,0.0,0.6119446643175359
1,3,female,27.0,0,1,12.475,S,Third,woman,False,Southampton,yes,False,0.024349578357040744,-0.18762071204492597
0,3,male,2.0,4,1,39.6875,S,Third,child,False,Southampton,no,False,0.07746484096553544,-2.0048147492323394
0,3,male,28.0,0,0,6.95,Q,Third,man,True,Queenstown,no,True,0.013565496559633922,-0.11493295055742946
1,2,male,1.0,0,2,37.0042,C,Second,child,False,Cherbourg,yes,False,0.07222738817151159,-2.0775025107198357
1,3,male,28.0,0,0,7.75,Q,Third,man,True,Queenstown,yes,True,0.015126992566498259,-0.11493295055742946
1,1,female,62.0,0,0,80.0,S,First,woman,False,Southampton,yes,True,0.15614960068643363,2.356450940017453
1,3,female,15.0,1,0,14.4542,C,Third,child,False,Cherbourg,yes,False,0.028212719478023115,-1.0598738498948845
1,2,male,0.83,1,1,18.75,S,Second,child,False,Southampton,yes,False,0.03659756266088288,-2.0898594301727105
0,3,male,23.0,0,0,7.8542,S,Third,man,True,Southampton,no,True,0.015330377421392339,-0.47837175799491216
0,3,male,18.0,0,0,8.3,S,Third,man,True,Southampton,no,True,0.016200521071217493,-0.8418105654323949
1,1,female,39.0,1,1,83.1583,C,First,woman,False,Cherbourg,yes,False,0.16231419173453318,0.6846324258050325
0,3,male,21.0,0,0,8.6625,S,Third,man,True,Southampton,no,True,0.016908073949327893,-0.6237472809699052
1,1,male,28.0,0,0,29.7,C,First,man,True,Cherbourg,yes,True,0.057970539254838485,-0.11493295055742946
0,3,male,20.0,0,0,7.925,S,Third,man,True,Southampton,no,True,0.015468569817999833,-0.6964350424574017
0,2,male,16.0,0,0,10.5,S,Second,man,True,Southampton,no,True,0.020494635090094415,-0.9871860884073879
1,1,female,30.0,0,0,31.0,C,First,woman,False,Cherbourg,yes,True,0.060507970265993034,0.03044257241756362
0,3,male,34.5,0,0,6.4375,C,Third,man,True,Cherbourg,no,True,0.012565163180236457,0.35753749911129806
0,3,male,42.0,0,0,7.55,S,Third,man,True,Southampton,no,True,0.014736618564782174,0.902695710267522
0,3,male,35.0,0,0,7.8958,C,Third,man,True,Cherbourg,no,True,0.015411575213749286,0.3938813798550463
0,2,male,28.0,0,1,33.0,S,Second,man,True,Southampton,no,False,0.06441171028315387,-0.11493295055742946
1,1,female,28.0,1,0,89.1042,C,First,woman,False,Cherbourg,yes,False,0.17391981561855152,-0.11493295055742946
0,3,male,4.0,4,2,31.275,S,Third,child,False,Southampton,no,False,0.06104473451835265,-1.8594392262573463
0,3,male,74.0,0,0,7.775,S,Third,man,True,Southampton,no,True,0.015175789316712771,3.2287040778674116
0,3,female,9.0,1,1,15.2458,C,Third,child,False,Cherbourg,no,False,0.029757819776815374,-1.4960004188198637
1,1,female,16.0,0,1,39.4,S,First,woman,False,Southampton,yes,False,0.07690367833806856,-0.9871860884073879
0,2,female,44.0,1,0,26.0,S,Second,woman,False,Southampton,no,False,0.050748620223090936,1.048071233242515
1,3,female,18.0,0,1,9.35,S,Third,woman,False,Southampton,yes,False,0.018249984580226933,-0.8418105654323949
1,1,female,45.0,1,1,164.8667,S,First,woman,False,Southampton,yes,False,0.32179836714362564,1.1207589947300116
1,1,male,51.0,0,0,26.55,S,First,man,True,Southampton,yes,True,0.051822148727810165,1.556885563654991
1,3,female,24.0,0,3,19.2583,C,Third,woman,False,Cherbourg,yes,False,0.03758969818624431,-0.4056839965074156
0,3,male,41.0,2,0,14.1083,S,Third,man,True,Southampton,no,False,0.027537567642055148,0.8300079487800255
0,2,male,21.0,1,0,11.5,S,Second,man,True,Southampton,no,False,0.022446505098674838,-0.6237472809699052
1,1,female,48.0,0,0,25.9292,S,First,woman,False,Southampton,yes,True,0.050610427826483444,1.3388222791925013
0,2,male,24.0,0,0,13.0,S,Second,man,True,Southampton,no,True,0.025374310111545468,-0.4056839965074156
1,2,female,42.0,0,0,13.0,S,Second,woman,False,Southampton,yes,True,0.025374310111545468,0.902695710267522
1,2,female,27.0,1,0,13.8583,C,Second,woman,False,Cherbourg,yes,False,0.027049600139910042,-0.18762071204492597
0,1,male,31.0,0,0,50.4958,S,First,man,True,Southampton,no,True,0.09856123757927521,0.10313033390506016
1,3,male,4.0,1,1,11.1333,S,Third,child,False,Southampton,yes,False,0.021730754366528396,-1.8594392262573463
1,1,female,47.0,1,1,52.5542,S,First,woman,False,Southampton,yes,False,0.10257896680493714,1.2661345177050047
0,1,male,33.0,0,0,5.0,S,First,man,True,Southampton,no,True,0.009759350042902102,0.24850585688005322
0,3,male,47.0,0,0,9.0,S,Third,man,True,Southampton,no,True,0.017566830077223785,1.2661345177050047
1,2,female,28.0,1,0,24.0,C,Second,woman,False,Cherbourg,yes,False,0.04684488020593009,-0.11493295055742946
1,3,female,15.0,0,0,7.225,C,Third,child,False,Cherbourg,yes,True,0.014102260811993537,-1.0598738498948845
0,3,male,20.0,0,0,9.8458,S,Third,man,True,Southampton,no,True,0.019217721730481106,-0.6964350424574017
1,1,female,56.0,0,1,83.1583,C,First,woman,False,Cherbourg,yes,False,0.16231419173453318,1.9203243710924736
1,2,female,25.0,0,1,26.0,S,Second,woman,False,Southampton,yes,False,0.050748620223090936,-0.33299623501991904
0,3,male,33.0,0,0,7.8958,S,Third,man,True,Southampton,no,True,0.015411575213749286,0.24850585688005322
0,3,female,22.0,0,0,10.5167,S,Third,woman,False,Southampton,no,True,0.02052723131923771,-0.5510595194824087
0,2,male,28.0,0,0,10.5,S,Second,man,True,Southampton,no,True,0.020494635090094415,-0.11493295055742946
0,3,female,39.0,0,5,29.125,Q,Third,woman,False,Queenstown,no,False,0.05684821399990475,0.6846324258050325
1,1,female,19.0,0,0,30.0,S,First,woman,False,Southampton,yes,True,0.05855610025741262,-0.7691228039448983
0,3,female,28.0,1,2,23.45,S,Third,woman,False,Southampton,no,False,0.04577135170121086,-0.11493295055742946
1,1,male,26.0,0,0,30.0,C,First,man,True,Cherbourg,yes,True,0.05855610025741262,-0.26030847353242254
0,3,male,32.0,0,0,7.75,Q,Third,man,True,Queenstown,no,True,0.015126992566498259,0.1758180953925567
